Address,Status,Time192.168.50.221:3001,white,2024-01-11T15:26:11+08:00
52.108.9.12:443,white,2024-01-11T15:26:08+08:00
192.168.50.221:3001,white,2024-01-11T15:34:31+08:00
31.13.87.1:443,white,2024-01-11T15:34:31+08:00
192.168.0.100:7000,white,2024-01-11T15:34:19+08:00
104.18.39.102:443,white,2024-01-11T15:34:19+08:00
147.92.249.185:443,white,2024-01-11T15:34:31+08:00
17.248.223.5:443,white,2024-01-11T15:35:19+08:00
192.168.50.221:3001,white,2024-01-11T15:35:18+08:00
123.249.12.207:443,white,2024-01-11T15:35:15+08:00
123.249.127.107:443,white,2024-01-11T15:35:18+08:00
61.29.242.84:443,white,2024-01-11T15:35:14+08:00
17.248.223.6:443,white,2024-01-11T15:35:15+08:00
104.18.37.228:443,white,2024-01-11T15:35:17+08:00
220.185.184.16:443,white,2024-01-11T15:35:15+08:00
163.28.225.145:443,white,2024-01-11T15:34:57+08:00
35.186.224.25:443,white,2024-01-11T15:35:03+08:00
172.217.19.195:443,white,2024-01-11T15:35:17+08:00
18.207.68.190:443,white,2024-01-11T15:35:18+08:00
103.235.46.191:443,white,2024-01-11T15:35:20+08:00
49.4.45.146:443,white,2024-01-11T15:35:17+08:00
96.7.229.88:443,white,2024-01-11T15:34:57+08:00
104.18.39.102:443,white,2024-01-11T15:35:00+08:00
47.246.16.183:443,white,2024-01-11T15:35:12+08:00
182.61.200.109:443,white,2024-01-11T15:35:20+08:00
124.70.37.167:443,white,2024-01-11T15:35:17+08:00
123.129.227.53:443,white,2024-01-11T15:35:15+08:00
182.61.200.11:443,white,2024-01-11T15:35:17+08:00
96.7.229.91:443,white,2024-01-11T15:34:57+08:00
31.13.87.1:443,white,2024-01-11T15:35:02+08:00
172.64.148.154:443,white,2024-01-11T15:35:06+08:00
125.44.163.56:443,white,2024-01-11T15:35:11+08:00
103.235.46.40:443,white,2024-01-11T15:35:14+08:00
124.70.26.160:443,white,2024-01-11T15:35:16+08:00
103.235.46.45:443,white,2024-01-11T15:35:17+08:00
103.198.200.1:443,white,2024-01-11T15:35:13+08:00
120.46.216.189:443,white,2024-01-11T15:35:16+08:00
220.169.152.35:443,white,2024-01-11T15:35:17+08:00
163.28.224.32:443,white,2024-01-11T15:38:14+08:00
31.13.87.9:443,white,2024-01-11T15:38:15+08:00
31.13.87.1:443,white,2024-01-11T15:38:05+08:00
182.61.200.11:443,white,2024-01-11T15:38:12+08:00
220.185.184.16:443,white,2024-01-11T15:37:57+08:00
47.246.16.30:443,white,2024-01-11T15:38:02+08:00
61.29.242.84:443,white,2024-01-11T15:38:10+08:00
182.61.200.109:443,white,2024-01-11T15:38:10+08:00
103.235.46.40:443,white,2024-01-11T15:38:12+08:00
120.46.74.156:443,white,2024-01-11T15:37:58+08:00
49.4.45.146:443,white,2024-01-11T15:37:57+08:00
103.235.46.191:443,white,2024-01-11T15:38:17+08:00
110.242.68.137:443,white,2024-01-11T15:38:18+08:00
17.248.223.5:443,white,2024-01-11T15:38:19+08:00
18.207.68.190:443,white,2024-01-11T15:38:10+08:00
142.251.42.227:443,white,2024-01-11T15:38:10+08:00
103.235.46.45:443,white,2024-01-11T15:38:12+08:00
13.35.166.100:443,white,2024-01-11T15:38:11+08:00
192.168.50.221:3001,white,2024-01-11T15:38:15+08:00
172.64.148.154:443,white,2024-01-11T15:38:04+08:00
