Init_Win_bytes_forward,Bwd Packets/s,Init_Win_bytes_backward,Flow Duration,Packet Length Std,Destination Port,Average Packet Size,Total Length of Bwd Packets,Bwd Packet Length Min,Fwd Header Length,Total Backward Packets,Total Length of Fwd Packets,Bwd Packet Length Mean,Flow IAT Min
2048,0,0,0,0,443,559,0,0,20,0,1,0,0
0,0,16,0,0,443,77,77,77,0,1,0,77,0
2047,0,0,3,29,443,95,0,0,40,0,2,0,0
2047,0,0,0,0,443,66,0,0,20,0,1,0,0
0,12.4,8,15,27,443,93,186,66,0,2,0,93,0
2048,0,0,784,307.7217678204331,443,276.0769230769231,0,0,260,0,13,0,1
0,163,265,2,13.767917618708921,443,108.66666666666667,326,97,0,3,0,108.66666666666667,1
2048,0,0,1,344,443,489,0,0,40,0,2,0,0
2048,0,0,0,0,443,131,0,0,20,0,1,0,0
2048,0,0,1428,550.3727830065261,443,1113.8148148148148,0,0,1620,0,81,0,0
0,5.818061088977424,501,753,465.2712671558564,443,312.92857142857144,4381,66,0,14,0,312.92857142857144,0
2024,0,0,14,32.5,443,98.5,0,0,40,0,2,0,0
0,17.670749279538907,22,1388,478.18076743890146,443,318.53246753246754,24527,66,0,77,0,318.53246753246754,0
65535,0,0,101,165.96502308886917,443,149.33333333333334,0,0,240,0,12,0,1
0,83.41304347826087,65535,92,612.9062917355144,443,548.1428571428571,7674,66,0,14,0,548.1428571428571,1
1023,0,0,6,18.5,443,84.5,0,0,40,0,2,0,0
0,4.170731707317073,278,41,19.5,5222,85.5,171,66,0,2,0,85.5,0
2038,0,0,13,20,5222,86,0,0,40,0,2,0,0
2048,0,0,1886,180.78386420130408,443,193.83333333333334,0,0,120,0,6,0,0
0,1.0393530997304583,7,1855,186.97028878645102,443,321.3333333333333,1928,66,0,6,0,321.3333333333333,0
65535,0,0,102,157.71806381743653,443,144.88888888888889,0,0,180,0,9,0,4
0,3.9302325581395348,27715,43,18.5,443,84.5,169,66,0,2,0,84.5,0
65535,0,0,1173,642.6579764318027,443,869.6417910447761,0,0,1340,0,67,0,0
0,23.130696474634565,65160,1163,507.2626142328663,443,389.8695652173913,26901,66,0,69,0,389.8695652173913,0
0,32.71578947368421,65160,190,632.8031113844004,443,690.6666666666666,6216,66,0,9,0,690.6666666666666,3
65535,0,0,75,151.48465268798685,443,137,0,0,200,0,10,0,3
0,57.76851851851852,65160,108,629.6390108233585,443,693.2222222222222,6239,66,0,9,0,693.2222222222222,3
0,0,136,0,0,443,66,66,66,0,1,0,66,0
2047,0,0,3793,177.66228887664622,443,198.66666666666666,0,0,120,0,6,0,170
0,1.1310344827586207,7,145,16,443,82,164,66,0,2,0,82,0
2048,0,0,1002,597.8508147409273,443,1033.8153846153846,0,0,1300,0,65,0,0
0,21.085774058577407,27,956,508.19617351264,443,347.55172413793105,20158,66,0,58,0,347.55172413793105,1
65535,0,0,76,165.96502308886917,443,149.33333333333334,0,0,240,0,12,0,2
0,119.90625,65535,64,612.9062917355144,443,548.1428571428571,7674,66,0,14,0,548.1428571428571,2
44,0,0,14,16.144348856488453,443,78.6,0,0,100,0,5,0,3
0,0.5249737118822292,8,3804,272.2234976137461,443,285.2857142857143,1997,66,0,7,0,285.2857142857143,0
2048,0,0,26,17.5,443,83.5,0,0,40,0,2,0,0
2048,0,0,205,25.5,443,91.5,0,0,40,0,2,0,0
0,6.66,272,50,19.75449315978519,443,66.6,333,54,0,5,0,66.6,2
2048,0,0,0,0,443,54,0,0,20,0,1,0,0
0,0,267,0,0,443,97,97,97,0,1,0,97,0
0,0.8863636363636364,1248,176,12,443,78,156,66,0,2,0,78,0
65535,0,0,52440,356.76986923202566,55334,249.94285714285715,0,0,280,0,35,0,0
44,0,0,12935,27.6289703029266,993,92.2,0,0,200,0,10,0,0
65535,0,0,30873,269.0771226807257,443,154.56842105263158,0,0,1900,0,95,0,0
0,6.522511485451761,65160,3265,643.0139323216591,443,819.0769230769231,21296,66,0,26,0,819.0769230769231,0
0,15.708835341365463,65535,498,627.816249435737,443,651.9166666666666,7823,54,0,12,0,651.9166666666666,0
0,1.3012744767049291,501,71088,651.4797926425708,443,973.7368421052631,92505,66,0,95,0,973.7368421052631,0
2048,0,0,52474,401.7495957114592,55616,292.3888888888889,0,0,288,0,36,0,0
0,0.015195144641828733,8,90292,22.252808811473667,443,85.75,1372,66,0,16,0,85.75,10
65535,0,0,261,440.55071625608554,443,310.0625,0,0,320,0,16,0,0
65535,0,0,3454,175.5515651904486,443,162.07142857142858,0,0,280,0,14,0,0
2048,0,0,71099,221.0293380398066,443,145.55696202531647,0,0,1580,0,79,0,0
0,0.002554829290951923,16,60278,0,443,77,154,77,0,2,0,77,0
0,38.9,65160,250,542.258460724355,443,511.8421052631579,9725,66,0,19,0,511.8421052631579,0
65535,0,0,4504,384.5627669693602,443,292,0,0,460,0,23,0,0
65535,0,0,5201,308.8054241751592,443,338.9,0,0,400,0,20,0,0
0,59,65535,125,474.5592147952744,443,335.22727272727275,7375,66,0,22,0,335.22727272727275,0
65535,0,0,656,163.08037857615864,443,136.11111111111111,0,0,180,0,9,0,0
2008,0,0,90192,20,5222,86,0,0,80,0,4,0,0
0,0.19409866999421738,265,65714,469.4558465061926,443,344.72972972972974,12755,54,0,37,0,344.72972972972974,0
11070,0,0,75937,240.56984179055925,443,116.68634064080945,0,0,35580,0,1779,0,0
0,0.3693393331969728,501,48890,500.23706420056476,443,361.14,18057,66,0,50,0,361.14,0
2048,0,0,22,489.5,5223,555.5,0,0,40,0,2,0,0
65535,0,0,105,338.3023360667722,443,199,0,0,340,0,17,0,0
2047,0,0,60278,5.185449728701348,443,69.66666666666667,0,0,60,0,3,0,220
0,0.008630218518833433,267,70566,4.5,443,101.5,609,97,0,6,0,101.5,8567
0,5.704906345194115,65535,30858,542.0127524808977,443,1248.5248226950355,176042,54,0,141,0,1248.5248226950355,0
2047,0,0,176,12,443,78,0,0,40,0,2,0,0
2698,0,0,98066,601.9624051799736,443,511.79680365296804,0,0,17520,0,876,0,0
65535,0,0,264,227.6666915668157,443,166.14285714285714,0,0,280,0,14,0,0
0,10.961061946902655,26847,565,660.4430406931396,443,619.3,6193,66,0,10,0,619.3,0
65535,0,0,3138,279.2778354524397,443,182.125,0,0,160,0,8,0,0
65535,0,0,266,149.38561250833294,443,129.71428571428572,0,0,280,0,14,0,0
0,0.9579439252336449,65535,8560,319.77621748387213,443,200,8200,66,0,41,0,200,0
65535,0,0,211,159.54803787226246,443,151.08333333333334,0,0,240,0,12,0,0
0,0,3096,0,32,5223,98,196,66,0,2,0,98,0
0,1.5386767939236459,65160,5003,556.8492554842229,443,513.2,7698,66,0,15,0,513.2,0
0,2.3072625698324023,26847,3222,576.0123609784777,443,495.6,7434,66,0,15,0,495.6,0
0,0.09531914893617022,269,12925,26.253042151762568,993,102.66666666666667,1232,66,0,12,0,102.66666666666667,0
0,27.875,65160,296,602.3766780198436,443,550.0666666666667,8251,66,0,15,0,550.0666666666667,0
2047,0,0,90281,24.045529730076648,443,87.75,0,0,320,0,16,0,0
0,28.620689655172413,64980,232,581.8132338244417,443,510.7692307692308,6640,66,0,13,0,510.7692307692308,0
0,50.88142292490119,65160,253,702.119856814585,443,858.2,12873,66,0,15,0,858.2,0
0,33.4739336492891,64308,211,603.8227469400455,443,588.5833333333334,7063,66,0,12,0,588.5833333333334,0
2048,0,0,89233,10.998181667894016,443,61.2,0,0,200,0,10,0,0
65535,0,0,7008,0,7000,78,0,0,140,0,7,0,996
65535,0,0,766,150.42611651214568,443,122.27272727272727,0,0,220,0,11,0,0
0,13.581140350877194,26847,456,660.4430406931396,443,619.3,6193,66,0,10,0,619.3,0
0,0.007398273736128237,133,89210,9.2951600308978,443,66,660,54,0,10,0,66,0
0,0.005943751812119455,7,82776,16,443,82,492,66,0,6,0,82,205
2048,0,0,48902,283.0887372135567,443,232.14893617021278,0,0,940,0,47,0,0
0,0.003791868548556983,278,90193,19.5,5222,85.5,342,66,0,4,0,85.5,2
2048,0,0,70588,19.704060495238032,443,85.5,0,0,240,0,12,0,11
0,88.83058684054535,149,75915,306.43452884946254,443,1433.2782146652498,6743574,66,0,4705,0,1433.2782146652498,0
65535,0,0,297,416.39115940799724,443,279.6923076923077,0,0,260,0,13,0,0
65535,0,0,521,160.62505459381265,443,140.85714285714286,0,0,280,0,14,0,0
0,0.007493044548145028,32403,90217,18.5,443,84.5,676,66,0,8,0,84.5,44
2048,0,0,82776,25.5,443,91.5,0,0,120,0,6,0,206
65535,0,0,3300,247.5211070044299,443,146.33333333333334,0,0,420,0,21,0,0
0,2.064387211367673,65535,4504,471.2916961137643,443,344.3703703703704,9298,66,0,27,0,344.3703703703704,0
65535,0,0,8548,305.064411203108,443,331.61764705882354,0,0,680,0,34,0,0
0,12.732132658888798,703,98056,660.9001886893852,443,931.6880597014925,1248462,66,0,1340,0,931.6880597014925,0
1874,0,0,65737,200.58794673409466,443,150.775,0,0,800,0,40,0,0
1024,0,0,90164,18.5,443,84.5,0,0,160,0,8,0,0
0,0.36586151368760067,65535,3105,227.36613644076377,443,227.2,1136,66,0,5,0,227.2,0
0,0.013993427329587619,11,66031,0,443,66,924,66,0,14,0,66,4576
0,0.7696078431372549,71,204,12.5,443,78.5,157,66,0,2,0,78.5,0
501,0,0,0,0,443,95,0,0,20,0,1,0,0
3183,0,0,73387,18.62091199191926,64195,140.07299270072994,0,0,95900,0,4795,0,0
0,5.001036043404766,2974,73356,16.35562261253214,64195,70.90374951681484,366856,66,0,5174,0,70.90374951681484,0
501,0,0,66160,0,443,66,0,0,280,0,14,0,4724
65535,0,0,201666,347.79654211047034,53011,307.964,0,0,2000,0,250,0,0
65535,0,0,4395,600.8318099978774,53017,514.4615384615385,0,0,260,0,13,0,0
65535,0,0,1675,153.37261738430888,443,147.3846153846154,0,0,260,0,13,0,0
293,0,0,240884,612.1058548976644,52871,1009.68,0,0,600,0,75,0,0
65535,0,0,857,588.0886386537154,52977,640.4444444444445,0,0,180,0,9,0,0
65535,0,0,231308,340.4704207628181,443,187.7536231884058,0,0,5520,0,690,0,0
65535,0,0,201742,133.04913633988355,443,173.54054054054055,0,0,1184,0,148,0,0
65535,0,0,776,148.55035908295028,443,140.07142857142858,0,0,280,0,14,0,0
65535,0,0,751,150.76350067604116,443,149.46153846153845,0,0,260,0,13,0,0
65535,0,0,1421,457.87205469420815,443,342.8936170212766,0,0,376,0,47,0,0
65535,0,0,440,468.7496085924292,443,364.06666666666666,0,0,120,0,15,0,0
2048,0,0,310056,17.5,443,83.5,0,0,440,0,22,0,33
65535,0,0,62098,480.23965578045187,443,362.6666666666667,0,0,420,0,21,0,0
65535,0,0,776,150.76350067604116,443,149.46153846153845,0,0,260,0,13,0,0
65535,0,0,2552,308.7904059275473,443,222.84615384615384,0,0,260,0,13,0,0
65535,0,0,202738,304.27025563064564,443,262.5,0,0,2080,0,260,0,0
64704,0,0,0,0,52997,94,0,0,8,0,1,0,0
62643,0,0,23641,417.56526775399686,53062,292.9047619047619,0,0,420,0,21,0,0
265,0,0,270470,9.098104758908946,51993,89.71428571428571,0,0,56,0,7,0,45062
65535,0,0,1180,203.86505140330814,443,150.57142857142858,0,0,280,0,14,0,0
65535,0,0,871,317.9254258295314,443,235.91666666666666,0,0,240,0,12,0,0
2047,0,0,308207,81.11616498714801,443,118.63333333333334,0,0,480,0,60,0,0
65535,0,0,121066,227.95732685774217,443,145.7450980392157,0,0,408,0,51,0,0
64260,0,0,121046,582.7538475479643,52957,1060.2727272727273,0,0,528,0,66,0,0
65535,0,0,873,627.0872193927719,52958,550.9024390243902,0,0,328,0,41,0,0
65535,0,0,1282,576.2293505738926,53037,536.0909090909091,0,0,220,0,11,0,0
2047,0,0,300423,298.99667401892617,443,247.87272727272727,0,0,1760,0,220,0,0
65535,0,0,1963,630.555156632277,52939,877.1666666666666,0,0,192,0,24,0,0
28960,0,0,30571,495.74878130628485,52950,372.25,0,0,240,0,12,0,0
64260,0,0,30942,579.1717479126955,53044,531.4444444444445,0,0,144,0,18,0,0
65535,0,0,38131,523.723997939413,53013,1136.4639175257732,0,0,5820,0,291,0,0
65535,0,0,34188,372.1535908145712,53020,219.2127659574468,0,0,940,0,47,0,0
65535,0,0,30974,165.48549449691623,443,160.13333333333333,0,0,120,0,15,0,0
65535,0,0,3706,202.27985561405987,443,167.05357142857142,0,0,896,0,112,0,0
65535,0,0,30302,165.48549449691623,443,160.13333333333333,0,0,120,0,15,0,0
64704,0,0,142239,607.1753993333025,53003,636.0333333333333,0,0,480,0,60,0,0
65535,0,0,7633,182.11458541869246,443,159.66666666666666,0,0,240,0,12,0,0
476,0,0,254834,98.18200750250641,52840,175.95833333333334,0,0,384,0,48,0,0
65160,0,0,62066,486.05074230961014,52961,417.7894736842105,0,0,380,0,19,0,0
26847,0,0,1637,613.900729434328,52988,528.12,0,0,500,0,25,0,0
28960,0,0,141381,495.94545687380946,53007,412.47058823529414,0,0,340,0,17,0,0
43440,0,0,1129,537.175483431625,52951,400,0,0,240,0,12,0,0
2048,0,0,240983,89.34945687460547,443,111.46153846153847,0,0,520,0,65,0,0
65535,0,0,121213,499.5325715106072,52953,500.4,0,0,320,0,40,0,0
65535,0,0,141316,185.55287255149332,443,170.88235294117646,0,0,136,0,17,0,0
65535,0,0,60823,178.38684728407145,443,173.72222222222223,0,0,144,0,18,0,0
65535,0,0,2847,569.3246833234288,53052,545.3636363636364,0,0,220,0,11,0,0
64260,0,0,61255,552.2316547007377,52984,481.23809523809524,0,0,168,0,21,0,0
43440,0,0,590,537.9811025181709,52985,397,0,0,240,0,12,0,0
65535,0,0,31016,357.6713948118673,443,222.2,0,0,300,0,15,0,0
1990,0,0,300564,138.57009733344347,443,121.625,0,0,640,0,32,0,0
64704,0,0,231299,473.34125368876346,52994,923.3198689956332,0,0,7328,0,916,0,0
65535,0,0,1397,12,443,86,0,0,16,0,2,0,0
64260,0,0,60791,558.8570725149677,53023,500.65,0,0,160,0,20,0,0
65535,0,0,2834,302.0400112027327,443,213.21428571428572,0,0,280,0,14,0,0
1766,0,0,329447,64.50576782614277,443,106.92307692307692,0,0,1040,0,52,0,0
65535,0,0,60726,443.7050265625552,443,307.030303030303,0,0,660,0,33,0,0
243,0,0,100008,602.7933187452951,52892,473.1818181818182,0,0,220,0,11,0,0
2048,0,0,288999,25.5,443,91.5,0,0,320,0,16,0,229
65535,0,0,142600,58.856677233461,443,76.76410256410256,0,0,3900,0,195,0,0
64704,0,0,142074,539.135174991931,53004,451.4555555555556,0,0,720,0,90,0,0
277,0,0,22,6,52893,92,0,0,32,0,4,0,0
65535,0,0,2021,308.7904059275473,443,222.84615384615384,0,0,260,0,13,0,0
65535,0,0,1239,285.83763392118385,443,197.48387096774192,0,0,248,0,31,0,0
65535,0,0,4460,227.59922733617458,443,188.23076923076923,0,0,260,0,13,0,0
26847,0,0,2806,613.900729434328,53049,528.12,0,0,500,0,25,0,0
65535,0,0,120460,357.09432650868507,443,242.44444444444446,0,0,144,0,18,0,0
65535,0,0,1942,206.65641355614616,443,175.04166666666666,0,0,480,0,24,0,0
65160,0,0,0,0,52999,74,0,0,20,0,1,0,0
65535,0,0,136582,422.73302785783727,53029,277.44827586206895,0,0,580,0,29,0,0
65535,0,0,24135,191.709456093213,443,188.86666666666667,0,0,120,0,15,0,0
65535,0,0,23718,464.8519259069393,443,385.05263157894734,0,0,380,0,19,0,0
501,0,0,117380,26.398653164297773,51950,95.33333333333333,0,0,60,0,3,0,0
2047,0,0,284242,19.876159799998128,443,83.77777777777777,0,0,180,0,9,0,0
65535,0,0,1247,542.8892217637853,53016,575.8723404255319,0,0,376,0,47,0,0
65535,0,0,693,272.3777249420899,53015,1387.669090909091,0,0,5500,0,275,0,0
65535,0,0,75340,75.83725264597136,443,94.66666666666667,0,0,300,0,15,0,0
64260,0,0,24090,582.1978259953828,53053,602.0625,0,0,128,0,16,0,0
65535,0,0,3662,536.2869669310353,52936,560.9009009009009,0,0,888,0,111,0,0
2048,0,0,254790,90.83293577894653,443,148.66666666666666,0,0,240,0,30,0,0
2048,0,0,32,11.313708498984761,443,74,0,0,60,0,3,0,0
28960,0,0,7532,580.105219865933,52941,520.4545454545455,0,0,220,0,11,0,0
64260,0,0,30247,579.1717479126955,52949,531.4444444444445,0,0,144,0,18,0,0
65535,0,0,142064,317.9742915228063,443,247.59154929577466,0,0,568,0,71,0,0
65535,0,0,2072,322.66590155092103,443,228.15384615384616,0,0,208,0,26,0,0
2048,0,0,206739,562.9308763939256,50245,443.53846153846155,0,0,104,0,13,0,0
65535,0,0,67715,573.3627087378337,443,444.62330623306235,0,0,14760,0,738,0,0
65535,0,0,141316,423.29320133628494,53008,344.04545454545456,0,0,176,0,22,0,0
65535,0,0,336,121.31972712826298,443,132,0,0,168,0,21,0,0
266,0,0,319998,457.31201329070757,52935,360.55,0,0,1600,0,200,0,0
7,0,0,288921,16,51867,82,0,0,320,0,16,0,174
65535,0,0,61309,178.38684728407145,443,173.72222222222223,0,0,144,0,18,0,0
267,0,0,309990,8.567947375084783,51951,94.41666666666667,0,0,240,0,12,0,1
2048,0,0,299766,5.185449728701349,4070,69.66666666666667,0,0,180,0,9,0,53
502,0,0,11,0,52934,66,0,0,60,0,3,0,0
65535,0,0,940,153.57942208801578,443,148.16666666666666,0,0,288,0,36,0,0
65160,0,0,67669,640.7163282847757,52960,821.2097902097902,0,0,14300,0,715,0,0
10058,0,0,329481,262.34916863026604,52001,175.4909090909091,0,0,1100,0,55,0,0
1990,0,0,97176,3.0904725218262765,443,65.14285714285714,0,0,280,0,14,0,758
2048,0,0,206739,253.38634533060377,61286,399.6,0,0,120,0,15,0,0
64260,0,0,202694,468.55684920837115,52993,369.35820895522386,0,0,2144,0,268,0,0
65535,0,0,1713,184.52240402486015,443,173.75641025641025,0,0,624,0,78,0,0
43440,0,0,546,537.9811025181709,53031,397,0,0,240,0,12,0,0
65535,0,0,1304,308.7904059275473,443,222.84615384615384,0,0,260,0,13,0,0
65535,0,0,1297,553.4904780362933,52942,487.4864864864865,0,0,296,0,37,0,0
64260,0,0,120483,530.1361823928697,52976,434.9047619047619,0,0,168,0,21,0,0
2027,0,0,2372,25.288028294036685,993,109.625,0,0,160,0,8,0,11
65535,0,0,136603,281.6617233294025,443,229.91666666666666,0,0,480,0,24,0,0
2048,0,0,117457,398.1293759571127,5223,309,0,0,80,0,4,0,65
65535,0,0,1646,12,443,86,0,0,16,0,2,0,0
65535,0,0,141556,124.54182191708624,443,131.17391304347825,0,0,460,0,23,0,0
16,0,0,299667,0,51949,77,0,0,120,0,6,0,59699
8190,0,0,948,581.5614260829997,52959,507,0,0,260,0,13,0,0
65535,0,0,121030,372.10657020103383,443,265.1363636363636,0,0,176,0,22,0,0
65535,0,0,141755,293.94437327318076,53005,170.04950495049505,0,0,2020,0,101,0,0
64,0,0,319943,243.7321058094754,443,194.2133891213389,0,0,1912,0,239,0,0
501,0,0,300423,494.0684423782738,52923,382.6186440677966,0,0,1888,0,236,0,0
65535,0,0,329,636.90627989917,52948,609.125,0,0,64,0,8,0,0
65535,0,0,2376,583.8971570405186,53025,583.1,0,0,200,0,10,0,0
64704,0,0,95817,391.5758937365213,53028,282.1666666666667,0,0,384,0,48,0,0
345,0,0,255222,449.33881698444395,51969,261.64285714285717,0,0,280,0,14,0,0
65535,0,0,595,151.83146215263912,443,159.23076923076923,0,0,104,0,13,0,0
65535,0,0,1102,12,443,66,0,0,40,0,2,0,0
65535,0,0,3066,203.53703703205218,443,167.53846153846155,0,0,520,0,26,0,0
64260,0,0,121018,503.8947286884433,52973,426.32,0,0,200,0,25,0,0
65535,0,0,34187,627.5102724680434,443,963.3013698630137,0,0,1460,0,73,0,0
65535,0,0,75383,580.9455351784279,53042,491.6875,0,0,320,0,16,0,0
269,0,0,607,27.7459907013608,52054,99.6,0,0,100,0,5,0,0
65160,0,0,30983,555.6804949789042,53038,479.75,0,0,320,0,16,0,0
65160,0,0,60693,439.43752134960056,52945,377.75757575757575,0,0,660,0,33,0,0
65535,0,0,121256,123.65427149122144,443,131.19444444444446,0,0,288,0,36,0,0
65535,0,0,121060,210.3492830072829,443,141.8095238095238,0,0,420,0,21,0,0
65535,0,0,759,113.238563779614,443,90.56315789473685,0,0,3800,0,190,0,0
65535,0,0,125020,417.8203381370245,53018,313.90625,0,0,640,0,32,0,0
2027,0,0,255276,108.67971419182425,443,143.88235294117646,0,0,340,0,17,0,22
8,0,0,308261,194.11933887377558,52022,147.5084745762712,0,0,472,0,59,0,0
65160,0,0,142532,261.1905093909786,53001,1381.5457142857142,0,0,7000,0,350,0,0
278,0,0,284773,20.18311236383918,51972,88.44444444444444,0,0,180,0,9,0,217
64704,0,0,0,0,52998,94,0,0,8,0,1,0,0
65535,0,0,1669,506.2432545146822,53054,460.15384615384613,0,0,624,0,78,0,0
65535,0,0,2033,583.9196862583073,52992,583,0,0,200,0,10,0,0
65535,0,0,142238,122.67224894472672,443,134.74545454545455,0,0,440,0,55,0,0
43440,0,0,578,515.0548198547621,53014,372.38461538461536,0,0,260,0,13,0,0
65535,0,0,95872,631.5109921592762,443,894.1176470588235,0,0,544,0,68,0,0
2048,0,0,100227,146.8601403596166,443,125.9090909090909,0,0,220,0,11,0,1
265,0,0,300499,395.7083662384599,51961,252,0,0,720,0,36,0,0
65535,0,0,287318,0,22,78,0,0,1120,0,56,0,991
65504,0,0,530,528.4581973311897,52964,499.07142857142856,0,0,112,0,14,0,0
65535,0,0,141803,455.45744797245356,443,340.0444444444444,0,0,1800,0,90,0,0
65535,0,0,38078,166.59891280115872,443,120.76635514018692,0,0,4280,0,214,0,0
64260,0,0,293,503.0283602252724,53032,365.6521739130435,0,0,184,0,23,0,0
65535,0,0,30705,205.45374094774107,443,198.1818181818182,0,0,220,0,11,0,0
2048,0,0,88,24.044957891416654,443,111.2,0,0,40,0,5,0,22
2048,0,0,270472,12.62685629917439,5228,80.25,0,0,64,0,8,0,45001
64768,0,0,120972,513.2382755601924,52955,403.35,0,0,400,0,20,0,0
65535,0,0,125021,466.3228495366701,443,347.3333333333333,0,0,720,0,36,0,0
2047,0,0,0,0,443,66,0,0,20,0,1,0,0
4096,0,0,273,592.0840781135357,443,492.6666666666667,0,0,24,0,3,0,11
2048,0,0,424,227.8173610592485,61286,270.5,0,0,32,0,4,0,0
65535,0,0,108,13.420483411561596,7000,74.125,0,0,160,0,8,0,0
65535,0,0,410,599.1993387012373,443,601.05,0,0,160,0,20,0,0
267,0,0,0,0,51951,97,0,0,20,0,1,0,0
2039,0,0,413,569.5644717676832,50245,611.25,0,0,32,0,4,0,0
16381,0,0,132,618.7483782245862,53820,945.6666666666666,0,0,24,0,3,0,11
4096,0,0,141,34.5,443,108.5,0,0,16,0,2,0,0
16385,0,0,86,503.9784122360798,53821,487.6,0,0,40,0,5,0,0
65535,0,0,0,0,22,78,0,0,20,0,1,0,0
65535,0,0,108,589.8800593129081,50259,471.625,0,0,160,0,8,0,0
65535,0,0,285,596.0378238836861,53826,478.25,0,0,160,0,20,0,0
0,0,0,0,0,443,74,0,0,8,0,1,0,0
2048,0,0,1201,187.87236693091546,443,130.87234042553192,0,0,376,0,47,0,0
4096,0,0,129,629.0413023005723,443,909.8,0,0,40,0,5,0,0
273,0,0,574,70.8801805866774,53839,142,0,0,24,0,3,0,249
274,0,0,399,520.0809167812255,53845,736.2,0,0,40,0,5,0,0
2026,0,0,1618,107.88352684645551,443,81.10803324099723,0,0,7220,0,361,0,0
311,0,0,4250,294.8316287775764,53840,1208.038647342995,0,0,1656,0,207,0,0
2048,0,0,1738,55.17749138512511,443,136.66666666666666,0,0,48,0,6,0,0
65535,0,0,955,597.2777829452557,53871,413.5,0,0,80,0,4,0,92
16382,0,0,22,139.43009000929462,53826,154.5,0,0,32,0,4,0,0
1045,0,0,3663,493.1180186743454,53837,969.2556561085972,0,0,3536,0,442,0,0
64260,0,0,0,0,53848,94,0,0,8,0,1,0,0
65535,0,0,992,191.95521757836008,443,154.16666666666666,0,0,120,0,6,0,0
305,0,0,1618,201.1865084465215,53867,1415.862660944206,0,0,9320,0,466,0,0
0,0,0,0,0,443,74,0,0,8,0,1,0,0
2048,0,0,3278,110.3848095560404,443,90.39632545931758,0,0,7620,0,381,0,0
3220,0,0,4250,26.172127889718862,443,97.65326633165829,0,0,1592,0,199,0,0
3197,0,0,4304,386.96440182946066,443,254.6345029239766,0,0,2736,0,342,0,0
287,0,0,1180,453.43789154370785,53850,1063.1818181818182,0,0,352,0,44,0,0
65535,0,0,2578,217.1641009775436,53870,1409.1339869281046,0,0,4896,0,612,0,0
270,0,0,249,100.29401222849192,53844,160.66666666666666,0,0,48,0,6,0,0
65535,0,0,0,0,53864,94,0,0,8,0,1,0,0
65535,0,0,2926,134.49785873458939,443,115.77408056042032,0,0,4568,0,571,0,0
0,0,0,0,0,443,74,0,0,8,0,1,0,0
2048,0,0,239,81.24961538370505,443,158,0,0,32,0,4,0,0
280,0,0,4317,297.43184438939716,53861,1371.7261146496814,0,0,1256,0,157,0,0
65535,0,0,0,0,53849,94,0,0,8,0,1,0,0
2048,0,0,565,34.23813663153998,443,129.5,0,0,32,0,4,0,0
65535,0,0,1002,0,22,78,0,0,40,0,2,0,0
2048,0,0,672,372.6667262969541,443,351.3333333333333,0,0,120,0,15,0,0
501,0,0,640,381.3776431133145,53831,240.6,0,0,120,0,15,0,0
3026,0,0,4317,53.346140947994236,443,97.02898550724638,0,0,1104,0,138,0,0
269,0,0,3245,189.84330600753395,53865,1418.778606965174,0,0,8040,0,402,0,0
8,0,0,33,12.5,52022,98.5,0,0,16,0,2,0,0
5644,0,0,98,141.1437407593959,443,204.66666666666666,0,0,24,0,3,0,0
729,0,0,55,82.92984987325131,54193,144.2,0,0,40,0,5,0,0
501,0,0,43,16.618889854620253,54190,101.75,0,0,32,0,4,0,0
441,0,0,161,12,51969,78,0,0,40,0,2,0,0
65535,0,0,2018,285.56196551264236,443,244.13793103448276,0,0,232,0,29,0,0
2047,0,0,11,14.5,443,100.5,0,0,16,0,2,0,0
2047,0,0,11,16.144348856488453,443,98.6,0,0,40,0,5,0,0
2007,0,0,218,12,443,78,0,0,40,0,2,0,0
501,0,0,43,21.972836766233794,54209,94.83333333333333,0,0,48,0,6,0,0
2046,0,0,1,19.44839324982915,443,101.4,0,0,40,0,5,0,0
64260,0,0,1963,526.0417039415356,54220,430.8,0,0,280,0,35,0,0
65535,0,0,1574,241.0225633277056,443,191.1818181818182,0,0,176,0,22,0,0
65535,0,0,1531,484.39369060713415,54240,458.95,0,0,160,0,20,0,0
2048,0,0,53,17.5,443,83.5,0,0,40,0,2,0,0
267,0,0,0,0,51951,97,0,0,20,0,1,0,0
2048,0,0,0,0,443,54,0,0,20,0,1,0,0
133,0,0,0,0,54237,66,0,0,20,0,1,0,0
8,0,0,55,12.5,54229,98.5,0,0,16,0,2,0,0
2047,0,0,0,14.5,443,100.5,0,0,16,0,2,0,0
2048,0,0,239,25.5,443,91.5,0,0,40,0,2,0,0
2048,0,0,76,17.5,443,83.5,0,0,40,0,2,0,0
267,0,0,0,0,51951,97,0,0,20,0,1,0,0
2048,0,0,11,227.8173610592485,61286,270.5,0,0,32,0,4,0,0
2036,0,0,11,556.7059866352755,50245,786.3333333333334,0,0,24,0,3,0,0
65535,0,0,817,454.1850149198869,54362,347.8333333333333,0,0,144,0,18,0,0
65535,0,0,43,486.7050818870642,50270,329.85714285714283,0,0,140,0,7,0,0
7,0,0,207,16,53602,82,0,0,40,0,2,0,0
0,0,0,0,0,54325,74,0,0,8,0,1,0,0
65535,0,0,851,246.97705237348055,443,193.38095238095238,0,0,168,0,21,0,0
65535,0,0,55,14.26140789340382,7000,73.57142857142857,0,0,140,0,7,0,0
2047,0,0,0,29,443,115,0,0,16,0,2,0,0
14167,0,0,121,18.5,52001,84.5,0,0,40,0,2,0,0
1528,0,0,0,18.5,443,84.5,0,0,40,0,2,0,0
2048,0,0,361,25.5,443,91.5,0,0,40,0,2,0,0
7,0,0,275,16,53602,82,0,0,40,0,2,0,0
8,0,0,55,27,54229,113,0,0,16,0,2,0,0
2047,0,0,43,23.293162700059185,443,104,0,0,56,0,7,0,0
2048,0,0,587,25.5,443,91.5,0,0,40,0,2,0,0
7,0,0,511,16,53602,82,0,0,40,0,2,0,0
501,0,0,54,12.699027762882048,54419,100.14285714285714,0,0,56,0,7,0,0
65535,0,0,3995,0,22,78,0,0,100,0,5,0,993
8,0,0,55,12.5,54229,98.5,0,0,16,0,2,0,0
2047,0,0,0,14.5,443,100.5,0,0,16,0,2,0,0
2048,0,0,644,25.5,443,91.5,0,0,40,0,2,0,0
7,0,0,580,16,53602,82,0,0,40,0,2,0,0
2046,0,0,98,32.5,443,98.5,0,0,40,0,2,0,0
265,0,0,0,13.767917618708921,51961,108.66666666666667,0,0,60,0,3,0,0
21720,0,0,230,641.1024954889991,54501,616.0833333333334,0,0,240,0,12,0,0
65535,0,0,0,0,22,78,0,0,20,0,1,0,0
2046,0,0,98,32.5,443,98.5,0,0,40,0,2,0,0
265,0,0,0,13.767917618708921,51961,108.66666666666667,0,0,60,0,3,0,0
65535,0,0,274,146.8608427827416,443,143.5,0,0,280,0,14,0,0
2048,0,0,74,15.588457268119896,443,95,0,0,32,0,4,0,0
501,0,0,0,9.9498743710662,54588,95,0,0,32,0,4,0,0
8,0,0,66,12.5,54229,98.5,0,0,16,0,2,0,0
2047,0,0,11,14.5,443,100.5,0,0,16,0,2,0,0
65535,0,0,1034,241.1913612202409,443,190,0,0,176,0,22,0,0
65535,0,0,979,486.1691298709804,54607,449.27777777777777,0,0,144,0,18,0,0
14623,0,0,1557,81.7764498807697,52001,122.42857142857143,0,0,140,0,7,0,0
28960,0,0,403,600.7778291515092,54686,687,0,0,160,0,8,0,0
28960,0,0,572,524.0072900256255,54687,430.4,0,0,200,0,10,0,0
2047,0,0,0,14.5,443,100.5,0,0,16,0,2,0,0
2051,0,0,0,0,443,74,0,0,8,0,1,0,0
2048,0,0,450,0,443,54,0,0,60,0,3,0,0
131,0,0,417,0,54667,66,0,0,60,0,3,0,0
1973,0,0,2139,182.11458541869246,443,159.66666666666666,0,0,240,0,12,0,0
1994,0,0,1197,0,443,66,0,0,60,0,3,0,725
65535,0,0,1693,210.17716336462436,443,212.6,0,0,200,0,10,0,0
8,0,0,42,12.5,54229,98.5,0,0,16,0,2,0,0
1494,0,0,3161,65.26617400604816,443,135.57142857142858,0,0,140,0,7,0,0
261,0,0,0,0,54590,86,0,0,8,0,1,0,0
2048,0,0,0,0,443,54,0,0,40,0,2,0,0
133,0,0,0,0,54671,66,0,0,40,0,2,0,0
2051,0,0,0,0,443,74,0,0,8,0,1,0,0
261,0,0,0,0,54590,86,0,0,8,0,1,0,0
65535,0,0,793,242.1152012186699,443,189.04545454545453,0,0,176,0,22,0,0
65535,0,0,717,465.8280685764698,54698,382,0,0,152,0,19,0,0
2048,0,0,67,24.044957891416654,443,111.2,0,0,40,0,5,0,0
2048,0,0,68,24.044957891416654,443,111.2,0,0,40,0,5,0,1
261,0,0,1,6,54632,92,0,0,32,0,4,0,0
356,0,0,0,6,54629,92,0,0,32,0,4,0,0
2048,0,0,1,0,443,54,0,0,40,0,2,0,0
2048,0,0,66,24.044957891416654,443,111.2,0,0,40,0,5,0,0
2048,0,0,55,24.044957891416654,443,111.2,0,0,40,0,5,0,0
261,0,0,0,6,54631,92,0,0,32,0,4,0,0
65535,0,0,0,0,22,78,0,0,20,0,1,0,0
133,0,0,0,0,54671,66,0,0,40,0,2,0,0
2048,0,0,66,24.044957891416654,443,111.2,0,0,40,0,5,0,0
314,0,0,0,6,54627,92,0,0,32,0,4,0,0
697,0,0,1,6,54625,92,0,0,32,0,4,0,0
2051,0,0,0,0,443,74,0,0,8,0,1,0,0
261,0,0,0,0,54590,86,0,0,8,0,1,0,0
6815,0,0,67,24.044957891416654,443,111.2,0,0,40,0,5,0,0
325,0,0,1,6,54630,92,0,0,32,0,4,0,0
65535,0,0,64,486.7050818870642,50280,329.85714285714283,0,0,140,0,7,0,0
65535,0,0,4009,0,22,78,0,0,80,0,4,0,999
2048,0,0,0,0,61286,644,0,0,8,0,1,0,0
2039,0,0,0,0,50245,86,0,0,8,0,1,0,0
8,0,0,0,0,54229,111,0,0,8,0,1,0,0
2047,0,0,0,14.5,443,100.5,0,0,16,0,2,0,0
65535,0,0,64,15.03791504460937,7000,74.83333333333333,0,0,120,0,6,0,0
501,0,0,12,9.9498743710662,54726,95,0,0,32,0,4,0,1
2039,0,0,11,18,443,92,0,0,16,0,2,0,0
15993,0,0,142,18.5,52001,84.5,0,0,40,0,2,0,0
1463,0,0,0,18.5,443,84.5,0,0,40,0,2,0,0
2048,0,0,394,25.5,443,91.5,0,0,40,0,2,0,0
7,0,0,339,16,53602,82,0,0,40,0,2,0,0
2048,0,0,0,0,443,54,0,0,20,0,1,0,0
133,0,0,0,0,54959,66,0,0,20,0,1,0,0
2047,0,0,262,117.85113019775793,443,149.33333333333334,0,0,60,0,3,0,32
538,0,0,185,571.9121921725009,51969,483.3333333333333,0,0,60,0,3,0,32
8,0,0,43,27,54229,113,0,0,16,0,2,0,0
2047,0,0,0,29,443,115,0,0,16,0,2,0,0
65,0,0,140,560.8273887748351,443,509.8,0,0,100,0,5,0,0
462,0,0,0,14.289419162443238,54979,74.25,0,0,80,0,4,0,0
2048,0,0,0,0,5228,74,0,0,8,0,1,0,0
4096,0,0,132,11.313708498984761,443,82,0,0,24,0,3,0,0
2048,0,0,0,0,443,54,0,0,20,0,1,0,0
133,0,0,0,0,54959,66,0,0,20,0,1,0,0
65535,0,0,860,241.26026291706205,443,189.4090909090909,0,0,176,0,22,0,0
65535,0,0,807,480.61146894663773,55006,416.70588235294116,0,0,136,0,17,0,0
265,0,0,0,0,51993,86,0,0,8,0,1,0,0
16381,0,0,0,0,54989,74,0,0,16,0,2,0,0
2048,0,0,22,227.8173610592485,61286,270.5,0,0,32,0,4,0,0
2036,0,0,11,556.7059866352755,50245,786.3333333333334,0,0,24,0,3,0,0
17362,0,0,140,18.5,52001,84.5,0,0,40,0,2,0,0
8,0,0,5124,22.252808811473667,54229,105.75,0,0,32,0,4,0,35
65535,0,0,332,148.8930505291223,443,140.36363636363637,0,0,88,0,11,0,0
65535,0,0,2299,344.03078471749205,443,229.95,0,0,480,0,60,0,0
64260,0,0,2268,635.7339085951943,55028,628.9074074074074,0,0,432,0,54,0,0
65535,0,0,1997,0,22,78,0,0,60,0,3,0,1001
1403,0,0,0,18.5,443,84.5,0,0,40,0,2,0,0
2047,0,0,5088,24.045529730076648,443,107.75,0,0,32,0,4,0,0
2048,0,0,99,17.5,443,83.5,0,0,40,0,2,0,0
267,0,0,0,0,51951,97,0,0,20,0,1,0,0
64260,0,0,301,655.273408586065,55027,749.6,0,0,80,0,10,0,0
8,0,0,65,27,54229,113,0,0,16,0,2,0,0
2047,0,0,11,29,443,115,0,0,16,0,2,0,0
64,0,0,77,15.588457268119896,443,95,0,0,32,0,4,0,0
267,0,0,0,0,51951,97,0,0,20,0,1,0,0
2048,0,0,216,125,443,191,0,0,40,0,2,0,0
2048,0,0,436,0,443,66,0,0,80,0,4,0,0
501,0,0,0,9.9498743710662,55034,95,0,0,32,0,4,0,0
2040,0,0,74,32.5,443,98.5,0,0,40,0,2,0,0
265,0,0,0,13.767917618708921,51961,108.66666666666667,0,0,60,0,3,0,0
2048,0,0,65,17.5,443,83.5,0,0,40,0,2,0,0
551,0,0,174,562.9570735559388,51969,477,0,0,60,0,3,0,0
120,0,0,0,0,55053,66,0,0,40,0,2,0,0
65535,0,0,3010,0,22,78,0,0,80,0,4,0,999
2006,0,0,228,12,443,78,0,0,40,0,2,0,0
558,0,0,186,12,51969,78,0,0,40,0,2,0,0
2048,0,0,33,17.5,443,83.5,0,0,40,0,2,0,0
267,0,0,0,0,51951,97,0,0,20,0,1,0,0
2048,0,0,55,511.2065727276988,5223,1030.8,0,0,100,0,5,0,0
501,0,0,1,25.6,51950,78.8,0,0,100,0,5,0,0
2048,0,0,522,25.5,443,91.5,0,0,40,0,2,0,0
7,0,0,467,16,53602,82,0,0,40,0,2,0,0
2046,0,0,55,32.5,443,98.5,0,0,40,0,2,0,0
265,0,0,0,13.767917618708921,51961,108.66666666666667,0,0,60,0,3,0,0
2048,0,0,75,17.5,443,83.5,0,0,40,0,2,0,0
267,0,0,0,0,51951,97,0,0,20,0,1,0,0
65535,0,0,2239,261.19631104164836,443,177.61702127659575,0,0,940,0,47,0,0
65535,0,0,938,296.8539203042466,443,230.5,0,0,240,0,12,0,0
64704,0,0,184,570.3999267083481,55257,632.0833333333334,0,0,96,0,12,0,0
65535,0,0,389,145.42892880487474,443,156.4,0,0,120,0,15,0,0
65535,0,0,164,598.6808081600508,55252,583.5384615384615,0,0,260,0,13,0,0
64260,0,0,87,656.4760087010035,55260,939.5,0,0,64,0,8,0,0
65535,0,0,184,369.2468425988647,443,257,0,0,104,0,13,0,0
65535,0,0,0,0,443,98,0,0,8,0,1,0,0
267,0,0,0,0,51951,97,0,0,20,0,1,0,0
65535,0,0,1366,310.12876383219816,443,247.38709677419354,0,0,248,0,31,0,0
65535,0,0,119,609.1778092690057,55259,685.1818181818181,0,0,220,0,11,0,0
1312,0,0,34,18.5,443,84.5,0,0,40,0,2,0,0
65535,0,0,120,180.2600162803381,443,161.57142857142858,0,0,56,0,7,0,0
65535,0,0,567,182.49998602180543,443,136.42857142857142,0,0,140,0,7,0,0
2047,0,0,0,14.5,443,100.5,0,0,16,0,2,0,0
64260,0,0,1297,508.062602833979,55256,425.21875,0,0,256,0,32,0,0
65535,0,0,196,83.14758361586358,443,110.54545454545455,0,0,220,0,11,0,0
26847,0,0,828,637.6531948785135,55254,597.7857142857143,0,0,280,0,14,0,0
1982,0,0,5625,581.6934390665051,443,1025.6448598130842,0,0,856,0,107,0,0
65535,0,0,175,177.1626371445176,443,166,0,0,200,0,10,0,0
65535,0,0,2250,640.9077532482966,55253,772.2745098039215,0,0,1020,0,51,0,0
2048,0,0,44,17.5,443,83.5,0,0,40,0,2,0,0
8,0,0,5626,469.59980006810036,55250,418.576,0,0,1000,0,125,0,0
64704,0,0,347,548.6933708592746,55251,620.2352941176471,0,0,136,0,17,0,0
21927,0,0,167,18.5,52001,84.5,0,0,40,0,2,0,0
26847,0,0,305,689.2546245764333,55255,758.75,0,0,160,0,8,0,0
8,0,0,35,12.5,54229,98.5,0,0,16,0,2,0,0
265,0,0,0,0,51993,86,0,0,8,0,1,0,0
2048,0,0,0,0,61286,74,0,0,8,0,1,0,0
133,0,0,0,0,55259,66,0,0,20,0,1,0,0
2048,0,0,273,25.5,443,91.5,0,0,40,0,2,0,0
4096,0,0,110,539.5990988687805,443,538.25,0,0,32,0,4,0,0
16385,0,0,0,160.27753706895078,55303,187.33333333333334,0,0,24,0,3,0,0
2048,0,0,0,0,5228,74,0,0,8,0,1,0,0
2048,0,0,0,0,443,54,0,0,20,0,1,0,0
2048,0,0,0,0,50245,86,0,0,8,0,1,0,0
7,0,0,208,16,53602,82,0,0,40,0,2,0,0
4096,0,0,120,575.529002443023,443,983.7142857142857,0,0,56,0,7,0,119
16383,0,0,120,503.93237641572506,55301,472.4,0,0,40,0,5,0,0
65535,0,0,198,181.53068305079694,443,175.66666666666666,0,0,96,0,12,0,0
64260,0,0,165,601.0640395097986,55329,656.1428571428571,0,0,112,0,14,0,0
2042,0,0,22,32.5,443,98.5,0,0,40,0,2,0,0
265,0,0,0,13.767917618708921,51961,108.66666666666667,0,0,60,0,3,0,0
278,0,0,65,19.5,53653,105.5,0,0,16,0,2,0,0
2046,0,0,0,20,5222,106,0,0,16,0,2,0,0
16381,0,0,173,619.5466084161869,55325,947,0,0,24,0,3,0,0
8,0,0,55,12.5,54229,98.5,0,0,16,0,2,0,0
2047,0,0,0,14.5,443,100.5,0,0,16,0,2,0,0
266,0,0,610,419.04603134845325,55328,421.5833333333333,0,0,96,0,12,0,0
64,0,0,611,233.95922372786873,443,159.28571428571428,0,0,112,0,14,0,0
4096,0,0,304,628,443,702,0,0,16,0,2,0,0
4096,0,0,196,34.5,443,108.5,0,0,16,0,2,0,0
16385,0,0,0,112.58330249197702,55303,139,0,0,32,0,4,0,0
2048,0,0,0,0,443,54,0,0,20,0,1,0,0
16385,0,0,0,143.77837884126467,55303,175.66666666666666,0,0,24,0,3,0,0
2048,0,0,314,25.5,443,91.5,0,0,40,0,2,0,0
7,0,0,239,16,53602,82,0,0,40,0,2,0,0
65535,0,0,0,0,22,78,0,0,20,0,1,0,0
4096,0,0,131,614.4695273160419,443,702,0,0,40,0,5,0,0
0,0,0,0,0,55302,74,0,0,8,0,1,0,0
2034,0,0,67,233.5,443,319.5,0,0,16,0,2,0,0
501,0,0,11,137,55329,223,0,0,16,0,2,0,0
7,0,0,185,16,53602,82,0,0,40,0,2,0,0
65535,0,0,5249,237.05713812221282,443,202.35714285714286,0,0,280,0,14,0,0
65535,0,0,207,216.07534694072703,55356,220.33333333333334,0,0,48,0,6,0,0
26847,0,0,4914,57.96279798640868,55352,108.36363636363636,0,0,220,0,11,0,0
2036,0,0,75,32.5,443,98.5,0,0,40,0,2,0,0
2048,0,0,293,25.5,443,91.5,0,0,40,0,2,0,0
2048,0,0,0,0,5228,74,0,0,8,0,1,0,0
265,0,0,0,0,51993,86,0,0,8,0,1,0,0
1274,0,0,0,15.412837362262522,443,82.33333333333333,0,0,60,0,3,0,0
2048,0,0,87,17.5,443,83.5,0,0,40,0,2,0,0
2017,0,0,87,15.588457268119896,443,95,0,0,32,0,4,0,0
501,0,0,0,9.9498743710662,55329,95,0,0,32,0,4,0,0
2047,0,0,25485,135.16136857680732,443,136.26666666666668,0,0,120,0,15,0,0
16,0,0,0,0,51949,77,0,0,20,0,1,0,0
26847,0,0,4445,645.2157778603992,55353,632,0,0,200,0,10,0,0
65535,0,0,11013,0,22,78,0,0,160,0,8,0,993
502,0,0,317,0,55349,66,0,0,80,0,4,0,0
278,0,0,45,19.5,53653,105.5,0,0,16,0,2,0,0
2048,0,0,99,5.5,4070,71.5,0,0,40,0,2,0,0
265,0,0,0,13.767917618708921,51961,108.66666666666667,0,0,60,0,3,0,0
2048,0,0,350,10.392304845413264,443,72,0,0,80,0,4,0,32
583,0,0,22022,508.3233616508295,51969,332.6,0,0,100,0,5,0,22
65535,0,0,861,480.0489240994983,55357,430.36842105263156,0,0,152,0,19,0,0
64260,0,0,186,602.1706888096916,55358,700,0,0,104,0,13,0,0
8,0,0,25550,143.82444932007292,54229,160.16666666666666,0,0,96,0,12,0,0
267,0,0,0,15.5,51951,81.5,0,0,40,0,2,0,0
65535,0,0,252,193.94442502943983,443,193.6,0,0,80,0,10,0,0
0,0,0,0,0,55303,74,0,0,8,0,1,0,0
65535,0,0,4925,161.80906290905392,443,138.77777777777777,0,0,180,0,9,0,0
2047,0,0,22089,97.24525695374557,443,120.4,0,0,100,0,5,0,22
65535,0,0,250,246.7677470571353,443,177.88888888888889,0,0,72,0,9,0,0
21927,0,0,174,17.441967269268172,52001,90.66666666666667,0,0,60,0,3,0,0
2044,0,0,12,20,5222,106,0,0,16,0,2,0,0
65535,0,0,903,241.4957009011113,443,190.0909090909091,0,0,176,0,22,0,0
502,0,0,0,5.656854249492381,55461,70,0,0,60,0,3,0,0
65535,0,0,5004,0,22,78,0,0,120,0,6,0,994
21927,0,0,108,18.5,52001,84.5,0,0,40,0,2,0,0
267,0,0,31014,0,51951,97,0,0,40,0,2,0,0
2047,0,0,5522,24.045529730076648,443,107.75,0,0,32,0,4,0,0
2048,0,0,0,0,5228,74,0,0,8,0,1,0,0
2051,0,0,1093,254.32042000802429,443,237.8181818181818,0,0,220,0,11,0,0
26847,0,0,711,645.2157778603992,55464,632,0,0,200,0,10,0,0
65535,0,0,44,14.26140789340382,7000,73.57142857142857,0,0,140,0,7,0,0
65535,0,0,25025,206.47980463527716,443,214.58333333333334,0,0,96,0,12,0,0
64260,0,0,24936,585.678736358272,55465,636.4666666666667,0,0,120,0,15,0,0
2048,0,0,31068,17.5,443,83.5,0,0,80,0,4,0,66
265,0,0,0,13.767917618708921,51961,108.66666666666667,0,0,60,0,3,0,0
380,0,0,4911,437.46598463499475,55454,331.6521739130435,0,0,184,0,23,0,0
2048,0,0,43,12,443,78,0,0,80,0,4,0,0
2048,0,0,285,25.5,443,91.5,0,0,40,0,2,0,0
7,0,0,209,16,55389,82,0,0,40,0,2,0,0
65535,0,0,44,486.7050818870642,50314,329.85714285714283,0,0,140,0,7,0,0
2034,0,0,44,32.5,443,98.5,0,0,40,0,2,0,0
265,0,0,0,0,51993,86,0,0,8,0,1,0,0
26847,0,0,1093,61.22099313144144,55463,109.7,0,0,200,0,10,0,0
65535,0,0,1082,163.08037857615864,443,136.11111111111111,0,0,180,0,9,0,0
8,0,0,5566,22.252808811473667,54229,105.75,0,0,32,0,4,0,44
1261,0,0,0,18.5,443,84.5,0,0,40,0,2,0,0
43,0,0,4911,220.72628588019063,443,172.59259259259258,0,0,216,0,27,0,0
65535,0,0,832,164.49358312374648,443,154.16666666666666,0,0,240,0,12,0,0
65535,0,0,298,238.26082813215902,443,254.33333333333334,0,0,24,0,3,0,0
65535,0,0,0,0,443,78,0,0,20,0,1,0,0
7,0,0,352,16,55389,82,0,0,40,0,2,0,0
1448,0,0,257,663.2542800464993,55568,881.6,0,0,100,0,5,0,0
65535,0,0,1373,262.32920157695,443,175.3,0,0,320,0,40,0,0
65535,0,0,208,223.09976273459233,443,229.63636363636363,0,0,88,0,11,0,0
278,0,0,55,19.5,53653,105.5,0,0,16,0,2,0,0
133,0,0,0,0,55496,66,0,0,40,0,2,0,0
65535,0,0,432,311.82288747141604,55566,1368.3172413793104,0,0,2900,0,145,0,0
65535,0,0,1283,588.680681884571,55569,592.7659574468086,0,0,376,0,47,0,0
65535,0,0,339,140.86540561827096,443,154.25,0,0,128,0,16,0,0
64704,0,0,404,550.3844555298496,55557,687.4666666666667,0,0,120,0,15,0,0
26847,0,0,16334,541.2065315606618,55560,413,0,0,1020,0,51,0,0
65535,0,0,0,0,443,78,0,0,20,0,1,0,0
8192,0,0,0,0,55589,78,0,0,20,0,1,0,0
1448,0,0,481,602.6788819186746,55570,651.2727272727273,0,0,220,0,11,0,0
65535,0,0,178,475.0111390506777,55574,452.1333333333333,0,0,120,0,15,0,0
65535,0,0,459,176.66529964646017,443,150.9090909090909,0,0,220,0,11,0,0
65535,0,0,812,229.6626380925729,443,159.88235294117646,0,0,340,0,17,0,0
65535,0,0,809,136.368328389162,443,112.11111111111111,0,0,360,0,18,0,0
65535,0,0,0,0,443,98,0,0,8,0,1,0,0
65535,0,0,252,238.26082813215902,443,254.33333333333334,0,0,24,0,3,0,0
28800,0,0,101,0,55584,86,0,0,16,0,2,0,0
65535,0,0,132,590.8091822203836,55558,548.2857142857143,0,0,280,0,14,0,0
2048,0,0,0,0,443,54,0,0,40,0,2,0,0
65535,0,0,476,59.516461978545806,443,80.46078431372548,0,0,2040,0,102,0,0
28800,0,0,0,0,55587,86,0,0,8,0,1,0,0
2026,0,0,19485,593.6669214689781,443,999.748275862069,0,0,6960,0,870,0,0
65232,0,0,322,539.5501212429975,55579,797,0,0,48,0,6,0,0
65535,0,0,437,242.36640077003705,443,201.83333333333334,0,0,96,0,12,0,0
28960,0,0,637,581.6554886167726,55572,513.7272727272727,0,0,220,0,11,0,0
29200,0,0,690,443.64112467173294,55578,479.55,0,0,400,0,20,0,0
4096,0,0,117,569.0465710291206,443,666,0,0,32,0,4,0,0
65535,0,0,0,0,443,98,0,0,8,0,1,0,0
65535,0,0,16607,392.8680127939409,443,308.1794871794872,0,0,780,0,39,0,0
2048,0,0,11,20,5222,106,0,0,16,0,2,0,0
2047,0,0,0,0,4070,66,0,0,20,0,1,0,0
16384,0,0,19375,61.424425109234846,55550,115.8,0,0,100,0,5,0,42
64260,0,0,12368,441.1907933908408,55563,334.47777777777776,0,0,720,0,90,0,0
65232,0,0,1040,538.1658859806456,55573,670.25,0,0,192,0,24,0,0
65535,0,0,646,206.93921812938214,443,189.4,0,0,40,0,5,0,0
28800,0,0,0,0,55586,86,0,0,8,0,1,0,0
2048,0,0,417,25.5,443,91.5,0,0,40,0,2,0,0
65535,0,0,1368,156.26217638505818,443,167.63636363636363,0,0,176,0,22,0,0
65535,0,0,199,173.37729811021973,443,177.25,0,0,96,0,12,0,0
65535,0,0,164,238.26082813215902,443,234.33333333333334,0,0,60,0,3,0,0
65535,0,0,16423,314.65692251862004,443,277.23333333333335,0,0,240,0,30,0,0
42340,0,0,462,581.9577105421872,55576,565.3636363636364,0,0,220,0,11,0,0
2050,0,0,0,567.4264269489041,55509,620.5,0,0,32,0,4,0,0
65535,0,0,386,220.62114019286548,443,209.25,0,0,32,0,4,0,0
8,0,0,49,12.5,54229,98.5,0,0,16,0,2,0,0
2047,0,0,0,14.5,443,100.5,0,0,16,0,2,0,0
65535,0,0,489,428.6520929379038,55577,357.6190476190476,0,0,168,0,21,0,0
65535,0,0,18230,419.389105988964,443,315.3333333333333,0,0,2280,0,114,0,0
16382,0,0,18,206.8409715216016,55478,205.75,0,0,32,0,4,0,0
65535,0,0,1778,272.5327075172202,443,153.3,0,0,600,0,30,0,0
65535,0,0,1261,252.43343677096345,443,220.4,0,0,300,0,15,0,0
65535,0,0,220,12,443,66,0,0,40,0,2,0,0
65535,0,0,18209,295.2837202365071,55559,171.22556390977442,0,0,2660,0,133,0,0
64704,0,0,16390,436.22592843857035,55561,352.7931034482759,0,0,232,0,29,0,0
65535,0,0,0,0,22,78,0,0,20,0,1,0,0
1448,0,0,1515,544.3704796696846,55567,1133.0555555555557,0,0,720,0,36,0,0
65535,0,0,480,171.70279231535196,443,177.86666666666667,0,0,120,0,15,0,0
65535,0,0,174,598.9632561756362,55580,581.3076923076923,0,0,260,0,13,0,0
64260,0,0,165,531.7687049418719,55565,423.6666666666667,0,0,120,0,15,0,0
65535,0,0,485,182.49998602180543,443,136.42857142857142,0,0,140,0,7,0,0
4096,0,0,191,92.8517097311622,443,144.6,0,0,40,0,5,0,0
2045,0,0,19375,540.6501271617348,443,512.2,0,0,100,0,5,0,0
8,0,0,19485,482.6614261287719,55556,418.226393629124,0,0,7032,0,879,0,0
65535,0,0,12413,305.8302569951999,443,274.4375,0,0,640,0,80,0,0
65535,0,0,669,611.4700810342237,55581,687.2,0,0,400,0,20,0,0
65535,0,0,142,160.99281471709392,443,142.92307692307693,0,0,260,0,13,0,0
16,0,0,0,0,51949,77,0,0,20,0,1,0,0
64260,0,0,394,633.7015327842132,55571,831.2857142857143,0,0,112,0,14,0,0
65535,0,0,0,0,443,98,0,0,8,0,1,0,0
29200,0,0,0,0,55590,66,0,0,20,0,1,0,0
65535,0,0,745,372.68523678069903,443,241,0,0,280,0,14,0,0
65535,0,0,175,165.37986576364125,443,149,0,0,240,0,12,0,0
8192,0,0,1029,593.1369232497858,55575,521.4166666666666,0,0,240,0,12,0,0
16385,0,0,11,0,55638,74,0,0,80,0,10,0,0
2048,0,0,14234,330.258576380277,443,305,0,0,88,0,11,0,0
16,0,0,0,0,51949,77,0,0,20,0,1,0,0
74,0,0,383,5.196152422706632,55615,77,0,0,32,0,4,0,0
501,0,0,1,13.423393758658799,55621,93.75,0,0,32,0,4,0,0
32,0,0,19688,512.7519188046306,55556,430.56345177664974,0,0,6304,0,788,0,0
4096,0,0,11788,0,443,85,0,0,40,0,2,0,0
78,0,0,1,5.656854249492381,55594,58,0,0,120,0,6,0,0
501,0,0,7,11.313708498984761,55620,74,0,0,60,0,3,0,0
2048,0,0,14835,433.2058074311696,443,340.2258064516129,0,0,620,0,31,0,0
5431,0,0,3588,41.084780438423536,443,106.42857142857143,0,0,56,0,7,0,0
65535,0,0,2619,257.1694696006401,443,192.30769230769232,0,0,520,0,26,0,0
7,0,0,11,449.11554806107983,55557,509.2857142857143,0,0,56,0,7,0,0
65535,0,0,3289,289.1731477419714,443,205.875,0,0,64,0,8,0,0
2048,0,0,51,13.994284547628721,443,63.6,0,0,100,0,5,0,1
16381,0,0,17077,400.7978833659897,55478,312.23809523809524,0,0,168,0,21,0,0
70,0,0,383,5.196152422706632,55618,77,0,0,32,0,4,0,380
2048,0,0,241,11.313708498984761,443,74,0,0,60,0,3,0,230
65535,0,0,1186,594.8051992621215,55648,529.6578947368421,0,0,304,0,38,0,0
4096,0,0,355,12,443,86,0,0,32,0,4,0,3
2048,0,0,45,18.116904322268255,443,92.33333333333333,0,0,24,0,3,0,36
4096,0,0,17153,556.4153273669999,443,587.7272727272727,0,0,176,0,22,0,0
4096,0,0,12456,572.9544196576481,443,1109.9298245614036,0,0,456,0,57,0,0
4096,0,0,11944,14.004372495031394,443,62.857142857142854,0,0,140,0,7,0,0
2048,0,0,44,13.99428454762872,443,83.6,0,0,40,0,5,0,0
2528,0,0,11944,11.524129275375019,55589,61.166666666666664,0,0,120,0,6,0,0
4096,0,0,352,12,443,86,0,0,32,0,4,0,0
4096,0,0,246,15.5,443,69.5,0,0,80,0,4,0,0
2047,0,0,0,14.5,443,100.5,0,0,16,0,2,0,0
501,0,0,8453,453.86408540959854,55563,388.94444444444446,0,0,288,0,36,0,0
16380,0,0,0,0,55624,98,0,0,20,0,1,0,0
501,0,0,7,10.392304845413264,55609,92,0,0,32,0,4,0,0
64260,0,0,205,513.913487354834,55652,1175.3461538461538,0,0,416,0,52,0,0
501,0,0,11,11.313708498984761,55546,94,0,0,24,0,3,0,0
4096,0,0,246,12,443,66,0,0,160,0,8,0,0
424,0,0,14736,458.1795799683788,55560,322.65,0,0,400,0,20,0,0
1032,0,0,14926,13.423393758658799,55610,61.75,0,0,80,0,4,0,0
2048,0,0,8495,306.93849408196684,443,274.2708333333333,0,0,384,0,48,0,0
65535,0,0,3256,227.36613644076377,55647,247.2,0,0,40,0,5,0,10
9,0,0,11,0,55570,66,0,0,60,0,3,0,0
133,0,0,18227,0.5345224838248488,55558,557,0,0,280,0,14,0,847
4096,0,0,14927,11.524129275375019,443,61.166666666666664,0,0,120,0,6,0,0
4096,0,0,97,11.313708498984761,443,82,0,0,120,0,15,0,0
2048,0,0,51,13.99428454762872,443,83.6,0,0,40,0,5,0,0
2048,0,0,14914,423.7871583183657,443,354.3333333333333,0,0,300,0,15,0,0
501,0,0,3554,435.362843563338,55601,395.1666666666667,0,0,48,0,6,0,0
20,0,0,0,5.656854249492381,55567,70,0,0,60,0,3,0,0
2048,0,0,55,62.22539674441618,443,130,0,0,24,0,3,0,0
195,0,0,0,5.656854249492381,55590,58,0,0,60,0,3,0,0
78,0,0,0,5.656854249492381,55597,70,0,0,60,0,3,0,0
323,0,0,14837,34.060231100006185,55559,89.1891891891892,0,0,740,0,37,0,0
2048,0,0,18280,54.5,443,120.5,0,0,560,0,28,0,32
8,0,0,14179,332.1455817860596,55561,275.75,0,0,64,0,8,0,0
2048,0,0,54,5.5,4070,71.5,0,0,40,0,2,0,0
65535,0,0,1285,478.7539984380373,443,368.25714285714287,0,0,280,0,35,0,0
8,0,0,33,12.5,54229,98.5,0,0,16,0,2,0,0
2048,0,0,12250,30.693119070877096,55509,111.68518518518519,0,0,432,0,54,0,0
2048,0,0,279,15.5,443,81.5,0,0,80,0,4,0,0
65535,0,0,240,112.24102577402527,443,119.12903225806451,0,0,248,0,31,0,0
2005,0,0,19655,588.8065843099769,443,1005.6503800217155,0,0,7368,0,921,0,0
2048,0,0,99,18,443,84,0,0,40,0,2,0,0
65160,0,0,2364,624.4774270804078,55649,623.3939393939394,0,0,660,0,33,0,0
2048,0,0,279,12,443,78,0,0,80,0,4,0,0
65535,0,0,188,181.53068305079694,443,175.66666666666666,0,0,96,0,12,0,0
65535,0,0,293,409.52935181742464,55712,230.1,0,0,200,0,10,0,0
2047,0,0,30324,26.028296567816767,443,110.16666666666667,0,0,48,0,6,0,0
2048,0,0,76,5.5,4070,71.5,0,0,40,0,2,0,0
4096,0,0,477,544.8036343491111,443,443,0,0,32,0,4,0,299
5985,0,0,30053,507.2637008718663,443,462.93333333333334,0,0,240,0,30,0,0
4096,0,0,33348,15.5,443,69.5,0,0,40,0,2,0,0
1045,0,0,30040,242.64676098659132,55689,176.77777777777777,0,0,288,0,36,0,0
2048,0,0,22,17.5,443,83.5,0,0,40,0,2,0,0
7,0,0,184,16,55389,82,0,0,40,0,2,0,0
64260,0,0,142,601.0640395097986,55713,656.1428571428571,0,0,112,0,14,0,0
2050,0,0,299,21,55509,218,0,0,16,0,2,0,0
17986,0,0,98,57.5,443,131.5,0,0,16,0,2,0,0
65535,0,0,271,232.795782915434,443,185.88888888888889,0,0,180,0,9,0,0
16,0,0,0,0,51949,77,0,0,20,0,1,0,0
502,0,0,0,5.656854249492381,55708,70,0,0,60,0,3,0,0
265,0,0,0,13.767917618708921,51961,108.66666666666667,0,0,60,0,3,0,0
267,0,0,0,0,51951,97,0,0,20,0,1,0,0
501,0,0,30737,368.6160618047024,55693,258.64285714285717,0,0,112,0,14,0,0
16382,0,0,0,599.7651102723465,55478,678.25,0,0,32,0,4,0,0
2012,0,0,44,30.64129385141706,443,87.66666666666667,0,0,60,0,3,0,0
2282,0,0,39986,58.271927404140655,443,96.40549087250251,0,0,55656,0,6957,0,0
2048,0,0,41,12,443,78,0,0,80,0,4,0,0
65535,0,0,11001,0,22,78,0,0,160,0,8,0,993
2026,0,0,30703,106.43563491001602,443,145.3846153846154,0,0,104,0,13,0,0
1247,0,0,30503,18.126224096595518,443,88.2,0,0,100,0,5,0,11
8,0,0,30390,24.18275326664761,54229,108.16666666666667,0,0,48,0,6,0,45
2048,0,0,0,0,5228,74,0,0,8,0,1,0,0
265,0,0,0,0,51993,86,0,0,8,0,1,0,0
313,0,0,39985,59.11675267793109,55706,1445.1861074705112,0,0,79352,0,9919,0,0
65535,0,0,31402,237.06508980719417,443,185.54347826086956,0,0,368,0,46,0,0
65535,0,0,31347,486.1116380949524,55711,449.44444444444446,0,0,288,0,36,0,0
2048,0,0,240,25.5,443,91.5,0,0,40,0,2,0,0
22384,0,0,30624,16.070158679988197,52001,87.5,0,0,80,0,4,0,507
64260,0,0,30949,579.1717479126955,55803,531.4444444444445,0,0,144,0,18,0,0
2048,0,0,171106,0,50245,86,0,0,32,0,4,0,9988
1045,0,0,236218,489.07264302033053,55689,395.5851851851852,0,0,3240,0,405,0,0
2048,0,0,66,12,443,78,0,0,80,0,4,0,0
65535,0,0,58923,121.13989396872233,443,108.04237288135593,0,0,11328,0,1416,0,0
65535,0,0,68720,510.5821676970752,55797,956.0704225352113,0,0,568,0,71,0,0
22384,0,0,212398,50.244114823331955,52001,98.27272727272727,0,0,440,0,22,0,0
65535,0,0,214306,528.5017732094448,55774,464.43290043290045,0,0,1848,0,231,0,0
65535,0,0,58876,183.49562182300193,55796,1420.9444444444443,0,0,14544,0,1818,0,0
65535,0,0,31002,161.23236337658764,443,155.5,0,0,128,0,16,0,0
65160,0,0,31216,539.942921080267,55810,433.55555555555554,0,0,360,0,18,0,0
265,0,0,180238,13.767917618708921,51961,108.66666666666667,0,0,240,0,12,0,0
2047,0,0,218794,23.42035387816646,443,107.67647058823529,0,0,272,0,34,0,0
64260,0,0,61644,558.8570725149677,55784,500.65,0,0,160,0,20,0,0
5346,0,0,228000,75.40899777905285,443,101.18815123548676,0,0,80616,0,10077,0,0
2048,0,0,217065,17.469696946961765,443,84.52941176470588,0,0,340,0,17,0,34
65535,0,0,37753,531.4002156231884,55801,857.8484848484849,0,0,264,0,33,0,0
65535,0,0,51955,120.83664689940295,443,109.44536817102137,0,0,13472,0,1684,0,0
64260,0,0,31037,579.6769747555343,55809,530.7777777777778,0,0,144,0,18,0,0
65535,0,0,214350,257.5306829894095,443,199.3490909090909,0,0,2200,0,275,0,0
65535,0,0,447,679.0058909906452,55799,769,0,0,32,0,4,0,10
2048,0,0,225389,0,5228,74,0,0,48,0,6,0,45066
65535,0,0,60073,639.4158955640687,55794,668.75,0,0,96,0,12,0,0
65535,0,0,461,170.45999347354206,443,152.125,0,0,64,0,8,0,0
1241,0,0,212256,22.590497526889415,443,86.81818181818181,0,0,440,0,22,0,0
65535,0,0,102768,0,22,78,0,0,480,0,24,0,981
8,0,0,218826,22.313060145601376,54229,106.31428571428572,0,0,280,0,35,0,0
290,0,0,227912,78.84647209859628,55769,1442.9923393316196,0,0,155600,0,19450,0,0
17986,0,0,200192,429.24445896896043,443,307.1666666666667,0,0,144,0,18,0,0
65535,0,0,1473,227.36613644076377,55771,247.2,0,0,40,0,5,0,0
65535,0,0,811,192.7990462170968,443,172.16666666666666,0,0,48,0,6,0,0
65535,0,0,38339,468.53888413920697,55805,327.3636363636364,0,0,440,0,22,0,0
65535,0,0,51910,141.82394008409906,55806,1432.0792682926829,0,0,24928,0,3116,0,0
2004,0,0,180315,32.5,443,98.5,0,0,160,0,8,0,55
16,0,0,180227,0,51949,77,0,0,80,0,4,0,60025
278,0,0,90300,19.5,53653,105.5,0,0,32,0,4,0,43
65535,0,0,31091,154.5667381528441,443,145.11111111111111,0,0,144,0,18,0,0
65535,0,0,31260,341.1516725267811,443,200.35294117647058,0,0,340,0,17,0,0
16385,0,0,200115,547.237744159319,55478,509.2413793103448,0,0,232,0,29,0,0
133,0,0,74251,8.844332774281066,55727,67.33333333333333,0,0,180,0,9,0,0
635,0,0,158562,390.7298014968627,51969,216.33333333333334,0,0,180,0,9,0,44
0,0,0,0,0,55770,74,0,0,8,0,1,0,0
5985,0,0,236207,480.7365718803408,443,402.53246753246754,0,0,2464,0,308,0,0
2048,0,0,74295,10.8,443,62.4,0,0,200,0,10,0,0
65535,0,0,31015,153.57247856578832,443,147.77777777777777,0,0,144,0,18,0,0
2048,0,0,206585,25.5,443,91.5,0,0,240,0,12,0,229
65535,0,0,88,559.0552891499468,55804,705.5714285714286,0,0,56,0,7,0,0
2048,0,0,171106,278.41369847764315,61286,352.25,0,0,32,0,4,0,9987
65535,0,0,60160,332.45263655978954,443,226.66666666666666,0,0,120,0,15,0,0
65535,0,0,38382,193.15651037435939,443,167.25,0,0,320,0,16,0,0
64260,0,0,30961,579.1717479126955,55780,531.4444444444445,0,0,144,0,18,0,0
7,0,0,206532,16,55389,82,0,0,240,0,12,0,194
2027,0,0,158628,77.14920608794364,443,102,0,0,180,0,9,0,53
2047,0,0,180227,5.185449728701348,4070,69.66666666666667,0,0,120,0,6,0,46
501,0,0,0,5.656854249492381,55768,70,0,0,60,0,3,0,0
267,0,0,216989,10.353743284435827,51951,92,0,0,200,0,10,0,0
2045,0,0,90261,20,5222,106,0,0,32,0,4,0,3
65535,0,0,68726,98.85353893849646,443,118.63157894736842,0,0,456,0,57,0,0
65535,0,0,479,232.17103125735142,443,168.42857142857142,0,0,280,0,14,0,0
65535,0,0,37766,147.11902268550284,443,139.15625,0,0,256,0,32,0,0
65535,0,0,162,632.1186799250629,55800,869.7857142857143,0,0,280,0,14,0,0
65535,0,0,1506,289.1731477419714,443,205.875,0,0,64,0,8,0,0
265,0,0,225390,0,51993,86,0,0,48,0,6,0,45056
65535,0,0,61677,174.73043742225582,443,169.10526315789474,0,0,152,0,19,0,0
131,0,0,0,0,55865,66,0,0,20,0,1,0,0
2048,0,0,82715,25.5,443,91.5,0,0,120,0,6,0,215
5985,0,0,110067,472.1228898236232,443,374.4413407821229,0,0,1432,0,179,0,0
2047,0,0,108453,23.29156314162377,443,106.94444444444444,0,0,144,0,18,0,0
267,0,0,92979,0,51951,97,0,0,80,0,4,0,30930
1983,0,0,243,12,443,78,0,0,40,0,2,0,0
65535,0,0,22792,148.09629433815763,443,123.18181818181819,0,0,88,0,11,0,0
278,0,0,90316,19.5,53653,105.5,0,0,32,0,4,0,44
501,0,0,3590,15.738041505003828,55839,99.63636363636364,0,0,88,0,11,0,0
265,0,0,60142,13.384425917567668,51961,107,0,0,140,0,7,0,0
2048,0,0,67,12,443,78,0,0,80,0,4,0,0
2047,0,0,60115,5.185449728701348,4070,69.66666666666667,0,0,60,0,3,0,66
2048,0,0,105458,0,443,54,0,0,160,0,8,0,15002
64260,0,0,1147,575.8820209390257,55876,658.4285714285714,0,0,112,0,14,0,0
65535,0,0,24113,185.80600392277424,443,185.4375,0,0,128,0,16,0,0
8,0,0,108496,21.510907368181126,54229,104.94444444444444,0,0,144,0,18,0,33
2047,0,0,3545,21.13944259099211,443,103.18181818181819,0,0,88,0,11,0,0
17986,0,0,60673,527.50079620793,443,399.1,0,0,80,0,10,0,0
2043,0,0,34679,256.9163287920797,61286,449,0,0,24,0,3,0,158
65535,0,0,114694,92.74165711265638,55870,1441.2257196663977,0,0,59472,0,7434,0,0
133,0,0,105446,0,55837,66,0,0,140,0,7,0,15028
64260,0,0,197,560.8171181410211,55877,770.4,0,0,40,0,5,0,0
65535,0,0,1050,593.3904695118378,443,530.5263157894736,0,0,380,0,19,0,0
7,0,0,82628,15.67673435381234,55389,85.2,0,0,100,0,5,0,219
16385,0,0,60509,566.20173941999,55478,519.0833333333334,0,0,96,0,12,0,0
65535,0,0,31057,135.28621460293618,443,141.41176470588235,0,0,136,0,17,0,0
648,0,0,176,12,51969,78,0,0,40,0,2,0,0
462,0,0,44112,13.09037908890946,55864,79.44444444444444,0,0,180,0,9,0,0
2048,0,0,56,15.588457268119896,443,95,0,0,32,0,4,0,0
2048,0,0,44,24.044957891416654,443,111.2,0,0,40,0,5,0,11
65535,0,0,28564,78.75488012503293,443,100.22260329903642,0,0,48984,0,6123,0,0
64260,0,0,30969,579.8989189271174,55875,553.7222222222222,0,0,144,0,18,0,0
65535,0,0,429,206.93921812938214,443,189.4,0,0,40,0,5,0,0
65535,0,0,1652,227.36613644076377,55880,247.2,0,0,40,0,5,0,0
2048,0,0,90262,20,5222,106,0,0,32,0,4,0,1
65535,0,0,114739,76.65614840193435,443,100.85251798561151,0,0,37808,0,4726,0,0
22384,0,0,90702,18.5,52001,84.5,0,0,160,0,8,0,112
2048,0,0,55,0,80,66,0,0,40,0,2,0,0
7,0,0,0,0,55838,86,0,0,32,0,4,0,0
65535,0,0,748,580.08382748839,55886,483.55555555555554,0,0,360,0,18,0,0
501,0,0,32,12.237646832622683,55868,90.8,0,0,40,0,5,0,0
65535,0,0,28520,134.28261791434312,55881,1432.7047635975825,0,0,90016,0,11252,0,0
65535,0,0,1039,644.8999922468599,55885,536,0,0,24,0,3,0,758
65535,0,0,1058,152.21000064884257,443,161.45454545454547,0,0,88,0,11,0,0
2048,0,0,37,16.618889854620253,443,101.75,0,0,32,0,4,0,0
64,0,0,516,30.35107082130711,993,116.25,0,0,32,0,4,0,3
269,0,0,450,27.7459907013608,55323,119.6,0,0,40,0,5,0,0
65535,0,0,1706,257.51526047013215,443,193.875,0,0,64,0,8,0,0
1226,0,0,90558,18.5,443,84.5,0,0,160,0,8,0,0
265,0,0,90205,0,51993,86,0,0,24,0,3,0,45072
65535,0,0,2309,337.76955796180636,55872,1177.2,0,0,280,0,35,0,0
65535,0,0,30298,161.23236337658764,443,155.5,0,0,128,0,16,0,0
64260,0,0,24059,582.2237542388665,55887,602,0,0,128,0,16,0,0
65535,0,0,142,160.130547952423,443,153.8235294117647,0,0,136,0,17,0,0
2048,0,0,44211,503.55457499659366,443,321.7,0,0,200,0,10,0,0
1986,0,0,60186,30.203311076767726,443,94.4,0,0,100,0,5,0,57
108,0,0,179,27.62208521883775,443,78.85714285714286,0,0,140,0,7,0,0
483,0,0,91,8.246211251235321,55846,76,0,0,120,0,6,0,0
502,0,0,1,5.656854249492381,55866,70,0,0,60,0,3,0,0
65535,0,0,557,123.44105190981799,443,129.93939393939394,0,0,264,0,33,0,0
2048,0,0,34679,134.82169294623506,50245,181.33333333333334,0,0,24,0,3,0,158
65535,0,0,92718,241.21632397810976,443,190.1931818181818,0,0,704,0,88,0,0
65535,0,0,92642,472.7413011045913,55869,399.09722222222223,0,0,576,0,72,0,0
16,0,0,60115,0,51949,77,0,0,40,0,2,0,0
2048,0,0,93036,17.5,443,83.5,0,0,160,0,8,0,34
65535,0,0,579,468.8304800511269,55882,1012.3448275862069,0,0,232,0,29,0,0
1045,0,0,110076,561.6204466325537,55689,551.9512195121952,0,0,1968,0,246,0,0
2048,0,0,90206,0,5228,74,0,0,24,0,3,0,45052
65535,0,0,2409,137.64683172363203,80,129.04347826086956,0,0,184,0,23,0,0
265,0,0,11,6,55845,92,0,0,32,0,4,0,0
64260,0,0,30244,579.1717479126955,55874,531.4444444444445,0,0,144,0,18,0,0
65535,0,0,131,533.7697470418709,55884,794,0,0,112,0,14,0,0
8,0,0,228276,220.52615421159916,54229,159.35555555555555,0,0,360,0,45,0,0
278,0,0,180753,19.5,53653,105.5,0,0,48,0,6,0,22
64260,0,0,130455,460.1588432330504,55962,360.0840336134454,0,0,952,0,119,0,0
65535,0,0,0,0,56019,94,0,0,8,0,1,0,0
26847,0,0,61430,517.9087987373103,55956,358,0,0,840,0,42,0,0
64260,0,0,175,601.0640395097986,55992,656.1428571428571,0,0,112,0,14,0,0
65535,0,0,2279,163.1346789293673,443,163.07142857142858,0,0,112,0,14,0,0
65535,0,0,176,500.2371867979784,55997,521.4166666666666,0,0,96,0,12,0,0
7,0,0,152656,16.954855588523355,55389,85.94117647058823,0,0,340,0,17,0,0
65535,0,0,61733,217.07849382801353,443,183.27083333333334,0,0,960,0,48,0,0
65535,0,0,61794,178.38684728407145,443,173.72222222222223,0,0,144,0,18,0,0
26847,0,0,1943,630.7103842834485,55977,600.9545454545455,0,0,440,0,22,0,0
26847,0,0,1900,607.9386404338389,55979,527.6153846153846,0,0,520,0,26,0,0
16,0,0,179622,0,51949,77,0,0,80,0,4,0,59870
17986,0,0,190274,558.4968448986734,443,488.10526315789474,0,0,304,0,38,0,0
65535,0,0,23288,189.9332992480921,443,199.64285714285714,0,0,280,0,14,0,0
65535,0,0,393,617.2509112994488,55989,893.75,0,0,64,0,8,0,0
648,0,0,158614,386.6461041786703,51969,214.88888888888889,0,0,180,0,9,0,23
65535,0,0,20270,449.8073881013211,443,344.9230769230769,0,0,104,0,13,0,0
2048,0,0,180508,0,5228,74,0,0,40,0,5,0,45052
44,0,0,970,192.66198133844267,443,164.76923076923077,0,0,260,0,13,0,0
65535,0,0,209,211.5459524547799,443,208.1,0,0,80,0,10,0,0
65535,0,0,1364,328.6165551072129,56011,1355.7146464646464,0,0,3168,0,396,0,0
1045,0,0,235617,577.8447075657349,55689,700.9792207792208,0,0,6160,0,770,0,0
4096,0,0,30410,0,443,74,0,0,16,0,2,0,0
65535,0,0,396,617.656115425952,55943,507,0,0,260,0,13,0,0
1982,0,0,158679,77.14920608794364,443,102,0,0,180,0,9,0,23
65535,0,0,2462,179.49773675453403,443,164.25,0,0,64,0,8,0,0
65535,0,0,415,355.90148069113314,56020,1337.8245614035088,0,0,1140,0,57,0,0
65535,0,0,1341,590.9728561166467,55987,777.5,0,0,96,0,12,0,0
65535,0,0,15666,617.8548757596724,56000,631.45,0,0,800,0,40,0,0
65535,0,0,1439,220.0801813384377,443,141.3804713804714,0,0,2376,0,297,0,0
65535,0,0,2162,399.9551454850905,443,281.96,0,0,500,0,25,0,0
65535,0,0,20181,635.412692618607,55991,825.3076923076923,0,0,104,0,13,0,0
65535,0,0,1614,211.33418769543388,443,189.16666666666666,0,0,96,0,12,0,0
65535,0,0,15653,78.77474773681817,443,104.02564102564102,0,0,780,0,39,0,0
65535,0,0,492,576.6439070653184,56010,526.9333333333333,0,0,120,0,15,0,0
65535,0,0,244,494.7488349882415,56004,566.0833333333334,0,0,96,0,12,0,0
5985,0,0,235617,578.628613550551,443,514.530035335689,0,0,4528,0,566,0,0
65535,0,0,1505,116.42434495917749,55978,142.9090909090909,0,0,220,0,11,0,0
65535,0,0,61135,157.27086369532677,443,151.41176470588235,0,0,136,0,17,0,0
86,0,0,44,9.16515138991168,443,92,0,0,48,0,6,0,0
2048,0,0,77,12,443,78,0,0,80,0,4,0,0
2048,0,0,150134,0,50245,86,0,0,16,0,2,0,0
65535,0,0,212479,68.99900478826638,443,100.45541401273886,0,0,5024,0,628,0,0
65535,0,0,212522,266.9012951102614,55946,1226.7107180020812,0,0,7688,0,961,0,0
65535,0,0,181,649.2564497176751,55954,703.25,0,0,160,0,8,0,0
65535,0,0,5522,508.38896552792295,443,366.4193548387097,0,0,620,0,31,0,0
65535,0,0,320,449.20541725033974,56002,1060.090909090909,0,0,528,0,66,0,0
65535,0,0,741,294.41329495472485,56017,1373.2727272727273,0,0,1584,0,198,0,0
65535,0,0,374,190.1010513443369,443,158.08333333333334,0,0,240,0,12,0,0
65535,0,0,233824,331.9083572248738,443,242.07605633802817,0,0,2840,0,355,0,0
2047,0,0,228221,92.32606202148479,443,123.17777777777778,0,0,360,0,45,0,0
5857,0,0,231296,81.25516510146934,443,101.2448006358458,0,0,120784,0,15098,0,0
65535,0,0,342,205.44655463833973,443,136.2156862745098,0,0,408,0,51,0,0
65535,0,0,1560,373.90220943747073,443,250.73333333333332,0,0,300,0,15,0,0
65535,0,0,600,570.6776066641501,55990,463.7368421052632,0,0,380,0,19,0,0
2048,0,0,152667,21.633307652783937,443,78,0,0,340,0,17,0,0
64704,0,0,2408,199.99359989759674,55974,232.4,0,0,40,0,5,0,0
2048,0,0,44708,156.00876377626994,443,141.375,0,0,64,0,8,0,0
501,0,0,44675,101.0782150394216,55939,135.83333333333334,0,0,48,0,6,0,0
2045,0,0,180676,19.79486637221574,5222,108.85714285714286,0,0,56,0,7,0,0
65535,0,0,566,162.8018563912723,443,151.66666666666666,0,0,72,0,9,0,0
65535,0,0,154,141.80946184718337,443,152.07142857142858,0,0,112,0,14,0,0
265,0,0,180240,391.39166266030753,51961,257.08,0,0,500,0,25,0,0
65535,0,0,6196,246.54566640293632,443,166.87671232876713,0,0,584,0,73,0,0
65535,0,0,11302,516.162404771186,56009,873.0909090909091,0,0,176,0,22,0,0
1190,0,0,212444,18.5,443,84.5,0,0,320,0,16,0,0
65535,0,0,214,156.48415255226325,443,114.1,0,0,200,0,10,0,0
65535,0,0,6247,558.6798496522691,56007,794.2886597938144,0,0,776,0,97,0,0
65535,0,0,906,635.5651245151829,443,603.15,0,0,400,0,20,0,0
65535,0,0,229,181.53068305079694,443,175.66666666666666,0,0,96,0,12,0,0
65535,0,0,461,185.35309198252676,443,126.0952380952381,0,0,1260,0,63,0,0
65535,0,0,233770,513.7251644109834,55944,444.7298245614035,0,0,2280,0,285,0,0
65535,0,0,2369,537.570221511158,55994,724.5833333333334,0,0,96,0,12,0,0
65535,0,0,359,12,443,86,0,0,16,0,2,0,0
16384,0,0,190186,572.2230497375768,55478,509.8085106382979,0,0,376,0,47,0,0
64260,0,0,61080,579.1717479126955,55959,531.4444444444445,0,0,144,0,18,0,0
64768,0,0,872,536.4753540989144,55993,453.1666666666667,0,0,240,0,12,0,0
2046,0,0,180284,181.7284940284218,443,140.7037037037037,0,0,540,0,27,0,0
2048,0,0,186084,17.5,443,83.5,0,0,280,0,14,0,33
65535,0,0,547,181.6338930204107,443,160.4375,0,0,128,0,16,0,0
65535,0,0,774,170.07122662590132,443,129.96052631578948,0,0,1216,0,152,0,0
65535,0,0,2216,223.1817053434264,443,178.08,0,0,500,0,25,0,0
65535,0,0,189,168.79832947354026,443,177.1818181818182,0,0,88,0,11,0,0
502,0,0,0,5.656854249492381,55942,70,0,0,60,0,3,0,0
2048,0,0,150134,0,61286,74,0,0,16,0,2,0,0
269,0,0,504,27.7459907013608,55323,119.6,0,0,40,0,5,0,0
65535,0,0,130588,283.6519098667733,443,247.4561403508772,0,0,912,0,114,0,0
65160,0,0,23256,302.8910597605025,55975,198.92307692307693,0,0,260,0,13,0,0
64,0,0,558,29.721372781215877,993,110.2,0,0,40,0,5,0,0
64260,0,0,61728,558.8570725149677,55966,500.65,0,0,160,0,20,0,0
65535,0,0,2237,334.35094439319363,443,222.8421052631579,0,0,760,0,38,0,0
26847,0,0,5251,620.7228496870904,55984,593.3793103448276,0,0,580,0,29,0,0
65535,0,0,11324,153.58727026279504,443,152.36363636363637,0,0,176,0,22,0,0
2048,0,0,179699,5.185449728701348,4070,69.66666666666667,0,0,120,0,6,0,76
267,0,0,186037,10.252286330375288,51951,93.125,0,0,160,0,8,0,0
265,0,0,180497,0,51993,86,0,0,40,0,5,0,45032
501,0,0,78,14.4,55940,93.2,0,0,40,0,5,0,34
370,0,0,231208,88.52314188504302,55938,1441.8076153021093,0,0,223760,0,27970,0,0
22384,0,0,212587,18.5,52001,84.5,0,0,320,0,16,0,141
26847,0,0,1975,609.6172292553633,55976,574.7894736842105,0,0,760,0,38,0,0
65535,0,0,159,495.14268382330965,55995,636.1875,0,0,128,0,16,0,0
3194,0,0,54,26.93120866207085,55689,109.9,0,0,80,0,10,0,0
0,0,0,0,0,55987,74,0,0,8,0,1,0,0
2044,0,0,0,0,443,131,0,0,20,0,1,0,0
2048,0,0,86,233.5,443,319.5,0,0,16,0,2,0,0
501,0,0,11,137.5,56026,223.5,0,0,16,0,2,0,0
5985,0,0,109,326.38352299347565,443,392.7142857142857,0,0,56,0,7,0,0
2615,0,0,10,20.958291915134687,443,68.5,0,0,120,0,6,0,0
0,22,321,12,0,443,66,264,66,0,4,0,66,0
0,52.8,271,5,0,443,66,264,66,0,4,0,66,3
0,52.8,265,5,0,443,66,264,66,0,4,0,66,0
2048,0,0,0,14.5,443,80.5,0,0,40,0,2,0,0
65535,0,0,75,542.313997811436,50138,402.8333333333333,0,0,96,0,12,0,0
2048,0,0,10,16.618889854620253,443,81.75,0,0,80,0,4,0,1
2048,0,0,10,16.618889854620253,443,81.75,0,0,80,0,4,0,9
3469,0,0,12,16.618889854620253,443,81.75,0,0,80,0,4,0,1
2638,0,0,10,16.618889854620253,443,81.75,0,0,80,0,4,0,2
0,52.8,414,5,0,443,66,264,66,0,4,0,66,3
2048,0,0,0,0,50731,86,0,0,8,0,1,0,0
2027,0,0,186,12,443,78,0,0,40,0,2,0,0
0,0.8914285714285715,428,175,12,443,78,156,66,0,2,0,78,0
2048,0,0,75,589.9031411819496,61286,441.2307692307692,0,0,104,0,13,0,0
0,28.083333333333332,283,12,31.60992723813201,443,84.25,337,66,0,4,0,84.25,0
0,18.857142857142858,265,14,0,443,66,264,66,0,4,0,66,0
2048,0,0,0,0,61286,74,0,0,8,0,1,0,0
2048,0,0,12,16.618889854620253,443,81.75,0,0,80,0,4,0,1
0,0,16,0,0,4070,77,77,77,0,1,0,77,0
2048,0,0,10,16.618889854620253,443,81.75,0,0,80,0,4,0,7
5066,0,0,10,16.618889854620253,443,81.75,0,0,80,0,4,0,7
0,52.8,292,5,0,443,66,264,66,0,4,0,66,2
0,20.307692307692307,278,13,0,443,66,264,66,0,4,0,66,0
0,14.272727272727273,8,11,12.5,443,78.5,157,66,0,2,0,78.5,0
2047,0,0,0,0,4070,66,0,0,20,0,1,0,0
0,0.7961165048543689,7,206,16,443,82,164,66,0,2,0,82,0
65535,0,0,43,187.48809328585892,443,163.8181818181818,0,0,220,0,11,0,0
0,276.25,65160,32,631.4807993913987,443,680,8840,66,0,13,0,680,0
2048,0,0,251,25.5,443,91.5,0,0,40,0,2,0,0
0,2.223684210526316,8873,76,18.5,443,84.5,169,66,0,2,0,84.5,0
1023,0,0,0,18.5,443,84.5,0,0,40,0,2,0,0
0,0,16,0,0,4070,77,77,77,0,1,0,77,0
0,0,265,0,0,443,66,66,66,0,1,0,66,0
0,0,8,0,12.5,443,78.5,157,66,0,2,0,78.5,0
2048,0,0,10,5.5,4070,71.5,0,0,40,0,2,0,0
4095,0,0,521,0,443,54,0,0,60,0,3,0,0
2048,0,0,0,0,443,54,0,0,20,0,1,0,0
2045,0,0,11,30.64129385141706,443,87.66666666666667,0,0,60,0,3,0,0
0,0,265,0,13.767917618708921,443,108.66666666666667,326,97,0,3,0,108.66666666666667,0
2048,0,0,0,14.5,443,80.5,0,0,40,0,2,0,0
0,0.5344827586206896,62,522,16.618889854620253,443,69.75,279,54,0,4,0,69.75,118
2048,0,0,23,233.5,443,299.5,0,0,40,0,2,0,0
0,101.75,501,4,137.5,443,203.5,407,66,0,2,0,203.5,0
65535,0,0,605,251.34327124472617,443,178.6,0,0,400,0,20,0,2
0,11.223905723905723,65535,594,492.5018678581331,443,416.6875,6667,66,0,16,0,416.6875,2
2048,0,0,414,0,443,54,0,0,40,0,2,0,0
0,0.3173076923076923,133,416,0,443,66,132,66,0,2,0,66,0
2048,0,0,18,5.5,4070,71.5,0,0,40,0,2,0,0
0,0,16,0,0,4070,77,77,77,0,1,0,77,0
65535,0,0,672,294.0878795299573,443,204.47368421052633,0,0,1900,0,95,0,1
0,70.20122887864824,65535,651,600.0477584816963,443,585.9102564102565,45701,66,0,78,0,585.9102564102565,1
2047,0,0,194,115.96551211459379,443,148,0,0,60,0,3,0,38
65535,0,0,173,184.73701121759404,443,150.07692307692307,0,0,260,0,13,0,1
0,3.0727272727272728,8873,55,18.5,443,84.5,169,66,0,2,0,84.5,0
0,9.705882352941176,502,34,13.145341380123988,443,66,330,54,0,5,0,66,2
0,9.128205128205128,454,156,559.657831973152,443,474.6666666666667,1424,66,0,3,0,474.6666666666667,38
0,39.53048780487805,65535,164,652.8555837420251,443,589.3636363636364,6483,54,0,11,0,589.3636363636364,2
1024,0,0,7,18.5,443,84.5,0,0,40,0,2,0,0
68,0,0,11,9.6,443,70.8,0,0,100,0,5,0,2
2047,0,0,42,29,443,95,0,0,40,0,2,0,0
2039,0,0,0,0,50141,86,0,0,8,0,1,0,0
0,0,8,0,0,443,103,103,103,0,1,0,103,0
1024,0,0,417,116.5,443,182.5,0,0,40,0,2,0,0
65535,0,0,2906,573.9499242578185,50872,435.46666666666664,0,0,120,0,15,0,0
65535,0,0,4272,201.9214526904853,3001,158.93430656934308,0,0,5480,0,274,0,0
0,7.360521528198908,65160,3298,69.65792787451976,3001,103.73931623931624,24275,66,0,234,0,103.73931623931624,0
65535,0,0,1028,207.7703058668394,443,206.5,0,0,160,0,8,0,20
0,1.1348973607038124,9328,341,127.5,443,193.5,387,66,0,2,0,193.5,0
0,7.0629820051413885,28960,778,646.8000922812241,443,686.875,5495,66,0,8,0,686.875,22
2048,0,0,0,0,61286,644,0,0,8,0,1,0,0
2047,0,0,0,0,443,66,0,0,20,0,1,0,0
0,1.3676470588235294,8,136,27,443,93,186,66,0,2,0,93,0
2048,0,0,3152,590.2610518872137,61286,535.875,0,0,128,0,16,0,0
65535,0,0,245,240.93752071624064,443,242.33333333333334,0,0,60,0,3,0,168
0,0.4117647058823529,28960,340,4,443,70,140,66,0,2,0,70,0
65535,0,0,2330,201.71836137006764,3001,158.32326283987916,0,0,6620,0,331,0,0
0,12.788775961113567,65160,2263,72.7123449322401,3001,104.8586956521739,28941,66,0,276,0,104.8586956521739,0
0,1.625,13423,104,18.5,443,84.5,169,66,0,2,0,84.5,0
1023,0,0,32,18.5,443,84.5,0,0,40,0,2,0,0
0,1.210242587601078,65535,371,15.03791504460937,50889,74.83333333333333,449,66,0,6,0,74.83333333333333,27
65535,0,0,220,501.3936088747125,50889,330.14285714285717,0,0,140,0,7,0,18
2048,0,0,0,0,61286,74,0,0,8,0,1,0,0
2048,0,0,0,0,50888,86,0,0,8,0,1,0,0
2048,0,0,58,17.5,443,83.5,0,0,40,0,2,0,0
0,0,267,0,0,443,97,97,97,0,1,0,97,0
0,0,8,0,0,443,99,99,99,0,1,0,99,0
2047,0,0,0,0,443,66,0,0,20,0,1,0,0
0,14.272727272727273,8,11,12.5,443,78.5,157,66,0,2,0,78.5,0
2048,0,0,11,14.5,443,80.5,0,0,40,0,2,0,0
0,0,8,0,0,443,103,103,103,0,1,0,103,0
2047,0,0,0,0,443,66,0,0,20,0,1,0,0
65535,0,0,1028,205.09046309232517,3001,159.8370607028754,0,0,6260,0,313,0,0
0,27.021653543307085,65160,1016,72.11933575557784,3001,104.78625954198473,27454,66,0,262,0,104.78625954198473,0
65535,0,0,3771,296.8539203042466,443,230.5,0,0,240,0,12,0,0
0,8.64832416208104,7,5997,506.573103446879,443,384.1777777777778,51864,66,0,135,0,384.1777777777778,0
2048,0,0,513,24.045529730076648,443,87.75,0,0,80,0,4,0,26
0,0,243,0,0,443,380,380,380,0,1,0,380,0
4096,0,0,0,0,443,1035,0,0,20,0,1,0,0
0,11.368421052631579,1060,38,162,443,216,432,54,0,2,0,216,0
4096,0,0,638,332,443,386,0,0,40,0,2,0,0
4096,0,0,1318,58,443,147,0,0,40,0,2,0,0
65535,0,0,4451,317.8984996019157,443,170.97826086956522,0,0,920,0,46,0,0
0,2.233013040494166,26847,2914,653.2588744324821,443,591.5454545454545,6507,66,0,11,0,591.5454545454545,0
0,4.064996614759648,26847,1477,688.5383513098525,443,857.7142857142857,6004,66,0,7,0,857.7142857142857,0
0,0,1588,0,0,443,54,54,54,0,1,0,54,0
0,9.897029702970297,65160,1010,569.5160774727962,443,624.75,9996,66,0,16,0,624.75,0
4096,0,0,120,308.5,443,362.5,0,0,40,0,2,0,0
4096,0,0,160,225,443,279,0,0,40,0,2,0,0
4096,0,0,5069,497.33209589829005,443,1207.2173913043478,0,0,460,0,23,0,0
0,0.3384615384615385,219,4485,120.01649546488794,443,108.42857142857143,1518,54,0,14,0,108.42857142857143,0
0,0.5883361921097771,8,583,22.252808811473667,443,85.75,343,66,0,4,0,85.75,101
65535,0,0,3179,182.49998602180543,443,136.42857142857142,0,0,140,0,7,0,0
0,19.615841584158417,1140,1515,490.71623900292116,443,1292.0869565217392,29718,54,0,23,0,1292.0869565217392,0
0,8.098799854527822,65160,8249,71.15362962904338,3001,104.87755102040816,66807,66,0,637,0,104.87755102040816,0
0,5.248251748251748,26847,1144,688.5383513098525,443,857.7142857142857,6004,66,0,7,0,857.7142857142857,18
0,22.484848484848484,121,33,232.81657062064022,443,247.33333333333334,742,66,0,3,0,247.33333333333334,16
2048,0,0,273,22.400000000000002,443,77.2,0,0,100,0,5,0,24
65535,0,0,1026,208.2924636178659,443,156.36,0,0,500,0,25,0,0
65535,0,0,2817,164.55761871315232,443,118.11111111111111,0,0,180,0,9,0,0
65535,0,0,588,448.84009635811884,443,345.8888888888889,0,0,180,0,9,0,17
0,17.101237345331832,740,889,455.80340395345394,443,1266.9166666666667,15203,54,0,12,0,1266.9166666666667,14
0,0.084375,83,1280,0,443,54,108,54,0,2,0,54,0
65535,0,0,156,143.67518922903844,80,140.8,0,0,100,0,5,0,19
0,10.333333333333334,65535,111,218.05890832525048,80,286.75,1147,66,0,4,0,286.75,18
0,5.311258278145695,228,151,146.5,443,200.5,802,54,0,4,0,200.5,16
0,32.21513944223108,65535,1004,619.1583611780695,443,980.1212121212121,32344,66,0,33,0,980.1212121212121,0
2048,0,0,372,570.087438468872,443,639.25,0,0,80,0,4,0,148
4096,0,0,635,600.3791380244653,443,758.875,0,0,160,0,8,0,15
4096,0,0,2062,158.1670519625709,443,118.57142857142857,0,0,140,0,7,0,0
0,27.622857142857143,379,175,576.6065400607387,443,690.5714285714286,4834,92,0,7,0,690.5714285714286,17
0,0,307,0,0,443,787,787,787,0,1,0,787,0
0,12.663366336633663,65535,606,612.9062917355144,443,548.1428571428571,7674,66,0,14,0,548.1428571428571,19
65535,0,0,9367,202.88458936899602,3001,158.7154046997389,0,0,15320,0,766,0,0
65535,0,0,620,160.99281471709392,443,142.92307692307693,0,0,260,0,13,0,17
0,10.308040770101925,1448,4415,590.5935891118359,443,1137.75,45510,54,0,40,0,1137.75,0
0,6.016353229762879,65160,1223,603.2952336036551,443,613.1666666666666,7358,66,0,12,0,613.1666666666666,19
2048,0,0,926,47.5,443,113.5,0,0,40,0,2,0,0
0,0.5394456289978679,2652,469,72.5,443,126.5,253,54,0,2,0,126.5,0
65535,0,0,7838,12,443,66,0,0,40,0,2,0,0
2048,0,0,960,37.2,443,78.4,0,0,200,0,10,0,36
4096,0,0,636,177.22359911036864,443,196.28571428571428,0,0,140,0,7,0,37
2048,0,0,6017,628.2239101445559,443,969.6488549618321,0,0,2620,0,131,0,0
0,24.843936381709742,65535,1006,643.6580948419398,443,694.25,24993,66,0,36,0,694.25,0
65535,0,0,1030,145.78056569149857,443,135.6,0,0,300,0,15,0,19
0,29.856127886323268,301,563,481.5043733326433,443,1293,16809,66,0,13,0,1293,16
0,53.05185185185185,133,135,522.4715834909641,443,1193.6666666666667,7162,66,0,6,0,1193.6666666666667,18
4096,0,0,814,212.79999999999998,443,160.4,0,0,100,0,5,0,21
0,11.257510729613735,1448,466,608.4514852283156,443,582.8888888888889,5246,66,0,9,0,582.8888888888889,20
0,0,1448,0,0,443,74,74,74,0,1,0,74,0
65535,0,0,1034,366.63823714770325,443,227.21428571428572,0,0,280,0,14,0,0
65535,0,0,1048,80.80021753882221,443,107.86111111111111,0,0,720,0,36,0,0
2048,0,0,1944,590.5274156735734,443,1019.109375,0,0,1280,0,64,0,0
0,8.839690436705363,29,1809,512.5911310196462,443,319.82,15991,66,0,50,0,319.82,0
65535,0,0,1763,202.43824896213943,3001,159.25,0,0,5600,0,280,0,0
0,13.987399770904926,65160,1746,71.44773934813438,3001,104.36752136752136,24422,66,0,234,0,104.36752136752136,0
2048,0,0,680,612.7641327239554,61286,515,0,0,136,0,17,0,16
65535,0,0,734,602.1492934698981,50146,480.4117647058824,0,0,136,0,17,0,17
0,0.6495220142722499,316,7427,31.836387288063264,443,89.33333333333333,4824,66,0,54,0,89.33333333333333,0
0,11.49764443342425,1220,4033,660.5502933057277,443,858.7037037037037,46370,54,0,54,0,858.7037037037037,0
65535,0,0,3532,599.987249343684,443,1019.475,0,0,2400,0,120,0,0
0,6.3218304576144035,29200,1333,646.3100552366487,443,702.25,8427,54,0,12,0,702.25,0
0,32.13220288115246,9,6664,676.9555820424562,443,833.1867704280156,214129,54,0,257,0,833.1867704280156,0
2025,0,0,6581,317.2735007118664,443,182.63035019455253,0,0,5140,0,257,0,0
0,0.4613423959218352,75,4708,156.18151832616644,443,181,2172,54,0,12,0,181,0
0,6.6,133,20,0,443,66,132,66,0,2,0,66,0
0,0,1448,0,0,443,74,74,74,0,1,0,74,0
2048,0,0,0,0,443,54,0,0,20,0,1,0,0
0,0,8,0,0,443,66,66,66,0,1,0,66,0
0,40.982053838484546,1448,1003,577.2623214406962,443,1174.4285714285713,41105,66,0,35,0,1174.4285714285713,0
0,5.818368183681836,133,4878,149.80016688909262,443,1419.1,28382,1119,0,20,0,1419.1,0
4096,0,0,6993,329.944252679969,443,422.8888888888889,0,0,180,0,9,0,1
4096,0,0,3954,619.8606478801165,443,728.4864864864865,0,0,740,0,37,0,0
0,0.7541315345699832,1132,2965,225.5,443,279.5,2236,54,0,8,0,279.5,0
2048,0,0,19,0,443,54,0,0,40,0,2,0,0
0,0.977639751552795,283,3220,0,443,787,3148,787,0,4,0,787,506
4096,0,0,3046,484.5,443,538.5,0,0,160,0,8,0,2
65535,0,0,2737,138.91734153005441,443,123.5,0,0,360,0,18,0,1
4096,0,0,2292,264.5,443,318.5,0,0,160,0,8,0,18
0,17.623765369885103,29,9922,505.7922814048135,443,362.7863070539419,174863,66,0,482,0,362.7863070539419,0
65535,0,0,9811,200.256092728231,3001,157.7133676092545,0,0,46680,0,2334,0,0
4096,0,0,7409,242.03888370361028,443,256.9142857142857,0,0,700,0,35,0,0
2048,0,0,7391,570.157563748829,443,639.55,0,0,400,0,20,0,0
0,4.417033450704225,276,4544,569.3693185432786,443,627.21875,20071,54,0,32,0,627.21875,0
0,16.00976655550262,301,4198,482.99400738377614,443,1292.4807692307693,67209,66,0,52,0,1292.4807692307693,0
0,1.6173508907823393,285,3873,273.73878514977395,443,272.3478260869565,6264,54,0,23,0,272.3478260869565,0
2048,0,0,7592,457.0222090738883,443,353.1363636363636,0,0,880,0,44,0,0
2048,0,0,7290,24.659453413635912,443,80.73684210526316,0,0,380,0,19,0,0
2048,0,0,598,16.618889854620253,443,81.75,0,0,80,0,4,0,17
0,20.849106687085246,65160,9795,71.59501957085074,3001,104.72666666666667,204217,66,0,1950,0,104.72666666666667,0
2048,0,0,7556,449.97897327418417,443,420.5833333333333,0,0,240,0,12,0,0
0,0.4765432098765432,2302,1215,117.06702140227196,443,144.75,579,66,0,4,0,144.75,44
0,0.22173531989482909,2568,4564,72.5,443,126.5,1012,54,0,8,0,126.5,1
2048,0,0,3767,47.87597910225962,443,113.875,0,0,160,0,8,0,1
0,0.4113821138211382,243,3690,0.5,443,379.5,1518,379,0,4,0,379.5,409
65535,0,0,1057,259.1567462715508,443,140.32432432432432,0,0,740,0,37,0,0
0,5.6571428571428575,265,35,0,443,66,198,66,0,3,0,66,15
2048,0,0,1156,127.05582325191644,443,117.53333333333333,0,0,300,0,15,0,0
2028,0,0,9714,626.9005035228059,443,981.9568181818182,0,0,8800,0,440,0,0
2048,0,0,6012,338.27716077205093,443,307.75,0,0,160,0,8,0,0
4096,0,0,7597,424.43539928152234,443,701.8571428571429,0,0,280,0,14,0,0
65535,0,0,1351,594.9949284185118,443,555.3125,0,0,320,0,16,0,0
1024,0,0,29,18.5,443,84.5,0,0,40,0,2,0,0
0,5.351351351351352,133,37,0,443,66,198,66,0,3,0,66,20
0,6.280078895463511,8,1014,618.6825378533227,443,578.9090909090909,6368,66,0,11,0,578.9090909090909,0
1946,0,0,1283,536.819671770698,443,375.2,0,0,100,0,5,0,24
0,16.747980613893375,644,7428,598.0511586367652,443,1100.9203539823009,124404,54,0,113,0,1100.9203539823009,0
0,6.247351846550243,29200,3493,435.15381004881476,443,290.96,21822,54,0,75,0,290.96,0
2048,0,0,225,16.618889854620253,443,81.75,0,0,80,0,4,0,57
65535,0,0,533,12,443,66,0,0,40,0,2,0,0
4096,0,0,7489,335.93345863907,443,201.91549295774647,0,0,1420,0,71,0,0
0,1.0579098429849738,121,5923,526.9090042554143,443,348.1111111111111,6266,66,0,18,0,348.1111111111111,0
2048,0,0,4580,37.2,443,78.4,0,0,800,0,40,0,0
0,0.6894308943089431,84,4305,232.81657062064025,443,247.33333333333334,2968,66,0,12,0,247.33333333333334,0
0,27.81678880746169,8192,4503,585.4086787012978,443,1098.7631578947369,125259,54,0,114,0,1098.7631578947369,0
0,2.6825396825396823,13423,63,18.5,443,84.5,169,66,0,2,0,84.5,0
4096,0,0,3290,216.07449525568722,443,268.75,0,0,160,0,8,0,1
0,0.7710843373493976,1016,2241,162,443,216,1728,54,0,8,0,216,2
0,0.3201000834028357,8,5995,305.75121513340804,443,319.8333333333333,1919,140,0,6,0,319.8333333333333,0
4096,0,0,7835,57.640863419994574,443,153.44444444444446,0,0,180,0,9,0,74
0,0.0625,83,7776,0,443,54,486,54,0,9,0,54,58
4096,0,0,4099,388.6498263218445,443,261.4166666666667,0,0,720,0,36,0,0
65535,0,0,4522,212.7872262457852,443,137.88059701492537,0,0,1340,0,67,0,0
0,2.758493655341793,29200,2443,519.6659918212424,443,561.5833333333334,6739,54,0,12,0,561.5833333333334,16
2048,0,0,200,233.5,443,299.5,0,0,40,0,2,0,0
0,23.941176470588236,501,17,137.5,443,203.5,407,66,0,2,0,203.5,0
0,6.352941176470588,16384,17,0,443,54,108,54,0,2,0,54,0
0,7.076923076923077,16384,91,149.6,443,128.8,644,54,0,5,0,128.8,18
2048,0,0,76,17.5,443,83.5,0,0,40,0,2,0,0
4096,0,0,212,616.0588932886205,443,823.2,0,0,100,0,5,0,17
0,0,267,0,0,443,97,97,97,0,1,0,97,0
65535,0,0,9166,201.462316684511,3001,158.10981308411215,0,0,8560,0,428,0,0
0,4.1283522789979035,65160,9061,70.82334827595608,3001,104.78151260504201,37407,66,0,357,0,104.78151260504201,0
0,2.4473684210526314,8,76,27,443,93,186,66,0,2,0,93,0
2048,0,0,18,29,443,95,0,0,40,0,2,0,0
4096,0,0,125,11.313708498984761,443,62,0,0,60,0,3,0,62
0,2.643598615916955,65160,1156,483.51565409519276,443,436.57142857142856,3056,66,0,7,0,436.57142857142856,0
2048,0,0,105,17.5,443,83.5,0,0,40,0,2,0,0
0,13.76791277258567,65160,642,631.5221491381525,443,679.9230769230769,8839,66,0,13,0,679.9230769230769,18
2048,0,0,22,29,443,95,0,0,40,0,2,0,0
65535,0,0,1234,213.388859961235,443,217.16666666666666,0,0,120,0,6,0,15
65535,0,0,4170,203.98806041003735,3001,159.10428305400373,0,0,10740,0,537,0,0
0,11.917298937784523,65160,3954,71.60120819566245,3001,104.48115299334812,47121,66,0,451,0,104.48115299334812,0
0,0,267,0,0,443,97,97,97,0,1,0,97,0
65535,0,0,692,187.48809328585892,443,163.8181818181818,0,0,220,0,11,0,24
0,1.1341463414634145,8,164,27,443,93,186,66,0,2,0,93,0
0,7.345147679324895,65535,1185,597.7412318444442,443,483.55555555555554,8704,54,0,18,0,483.55555555555554,0
4096,0,0,1079,623.3960207119193,443,534.8571428571429,0,0,420,0,21,0,0
65535,0,0,1051,203.60246152346375,3001,159.36524822695034,0,0,5640,0,282,0,0
0,24.002918287937742,65160,1028,72.80273551091567,3001,105,24675,66,0,235,0,105,0
2048,0,0,16,14.5,443,80.5,0,0,40,0,2,0,0
0,0.949438202247191,13878,178,18.5,443,84.5,169,66,0,2,0,84.5,0
1023,0,0,20,18.5,443,84.5,0,0,40,0,2,0,0
0,0,16,0,0,4070,77,77,77,0,1,0,77,0
1976,0,0,153,32.5,443,98.5,0,0,40,0,2,0,0
0,9.055555555555555,265,36,13.767917618708921,443,108.66666666666667,326,97,0,3,0,108.66666666666667,16
65535,0,0,8069,200.73353569064454,3001,157.77649769585253,0,0,8680,0,434,0,0
0,4.763868065967016,65160,8004,71.36433286491408,3001,104.46575342465754,38130,66,0,365,0,104.46575342465754,0
0,0,133,0,0,443,66,66,66,0,1,0,66,0
0,0.7810945273631841,8,201,12.5,443,78.5,157,66,0,2,0,78.5,0
2048,0,0,35,17.5,443,83.5,0,0,40,0,2,0,0
0,0,267,0,0,443,97,97,97,0,1,0,97,0
2048,0,0,0,0,443,54,0,0,20,0,1,0,0
2043,0,0,72,0,443,66,0,0,60,0,3,0,37
0,0.06447761194029851,0,1675,0,443,54,108,54,0,2,0,54,0
0,6.39622641509434,8,106,97.86342524150685,443,169.5,678,112,0,4,0,169.5,36
2047,0,0,0,0,4070,66,0,0,20,0,1,0,0
2047,0,0,0,0,4070,66,0,0,20,0,1,0,0
1972,0,0,0,30.64129385141706,443,87.66666666666667,0,0,60,0,3,0,0
0,0,265,0,22.686266036231405,443,115,345,97,0,3,0,115,0
0,0,267,0,15.5,443,81.5,163,66,0,2,0,81.5,0
65535,0,0,6522,204.17174466208436,3001,159.265625,0,0,6400,0,320,0,0
0,4.28656853725851,65160,6522,71.99935532074952,3001,104.70786516853933,27957,66,0,267,0,104.70786516853933,0
0,7.721153846153846,65535,208,390.1804069914326,443,401.5,1606,66,0,4,0,401.5,26
0,3.52,65535,125,108.47221866552846,443,146.66666666666666,440,66,0,3,0,146.66666666666666,114
1024,0,0,0,18.5,443,84.5,0,0,40,0,2,0,0
2048,0,0,0,14.5,443,80.5,0,0,40,0,2,0,0
1989,0,0,273,12,443,78,0,0,40,0,2,0,0
2048,0,0,11,17.5,443,83.5,0,0,40,0,2,0,0
0,0,13878,0,18.5,443,84.5,169,66,0,2,0,84.5,0
0,0.896551724137931,525,174,12,443,78,156,66,0,2,0,78,0
65535,0,0,0,0,443,78,0,0,20,0,1,0,0
65535,0,0,144,288.4280672888823,443,236.5,0,0,80,0,4,0,0
0,0,16,0,0,4070,77,77,77,0,1,0,77,0
0,0,8,0,12.5,443,78.5,157,66,0,2,0,78.5,0
65535,0,0,237,351.22662041606253,443,239.83333333333334,0,0,120,0,6,0,18
2040,0,0,14,20,5222,86,0,0,40,0,2,0,0
65535,0,0,9077,205.68318844904346,3001,159.78054298642533,0,0,8840,0,442,0,0
0,4.2512944805552495,65160,9077,70.91737336459627,3001,104.57723577235772,38589,66,0,369,0,104.57723577235772,0
0,0,8,0,12.5,443,78.5,157,66,0,2,0,78.5,0
2048,0,0,0,14.5,443,80.5,0,0,40,0,2,0,0
65535,0,0,465,181.53068305079694,443,155.66666666666666,0,0,240,0,12,0,19
0,19.895691609977323,65160,441,651.5859924488522,443,731.1666666666666,8774,66,0,12,0,731.1666666666666,18
0,0.9827586206896551,278,174,19.5,5222,85.5,171,66,0,2,0,85.5,0
65535,0,0,1304,586.0386253481931,443,500.64,0,0,500,0,25,0,0
65535,0,0,7528,205.46151463734176,3001,160.10631741140216,0,0,12980,0,649,0,0
0,7.704536222071767,65160,7385,72.45500019673392,3001,104.78453038674033,56898,66,0,543,0,104.78453038674033,0
2048,0,0,11,17.5,443,83.5,0,0,40,0,2,0,0
0,0,267,0,0,443,97,97,97,0,1,0,97,0
0,19.644329896907216,65535,388,667.8847945307873,443,846.8888888888889,7622,54,0,9,0,846.8888888888889,16
2048,0,0,0,14.5,443,80.5,0,0,40,0,2,0,0
0,1.3730886850152906,65535,327,15.03791504460937,50904,74.83333333333333,449,66,0,6,0,74.83333333333333,17
65535,0,0,306,501.3936088747125,50904,330.14285714285717,0,0,140,0,7,0,17
65535,0,0,435,362.744821542025,443,242.83333333333334,0,0,240,0,12,0,16
0,8.589723926380367,65535,1304,564.9351235203757,443,430.8076923076923,11201,54,0,26,0,430.8076923076923,0
0,15.7,8,10,12.5,443,78.5,157,66,0,2,0,78.5,0
65535,0,0,35481,203.8172614107543,3001,159.06285714285715,0,0,10500,0,525,0,0
2048,0,0,19,12,443,78,0,0,40,0,2,0,0
0,0.8,7,205,16,443,82,164,66,0,2,0,82,0
0,0.0392,8,8750,22.252808811473667,443,85.75,343,66,0,4,0,85.75,59
0,0,0,0,0,443,54,54,54,0,1,0,54,0
0,52,558,3,12,443,78,156,66,0,2,0,78,0
0,0.011228116798990134,13878,30103,18.5,443,84.5,338,66,0,4,0,84.5,61
1024,0,0,30103,18.5,443,84.5,0,0,80,0,4,0,0
46,0,0,0,14.966629547095765,443,70,0,0,60,0,3,0,0
0,0.14361702127659576,0,752,0,443,54,108,54,0,2,0,54,0
0,0,0,0,0,443,54,54,54,0,1,0,54,0
2047,0,0,0,0,4070,66,0,0,20,0,1,0,0
65535,0,0,7018,0,7000,78,0,0,140,0,7,0,998
0,0,267,0,15.5,443,81.5,163,66,0,2,0,81.5,0
2048,0,0,0,0,443,54,0,0,20,0,1,0,0
65535,0,0,35706,477.6919690385748,443,360.22222222222223,0,0,1800,0,90,0,0
0,0,16,0,0,4070,77,77,77,0,1,0,77,0
2048,0,0,332,25.5,443,91.5,0,0,40,0,2,0,0
0,14.438752783964365,65535,449,652.8555837420251,443,589.3636363636364,6483,54,0,11,0,589.3636363636364,16
2048,0,0,8750,24.045529730076648,443,87.75,0,0,80,0,4,0,0
2048,0,0,10,17.5,443,83.5,0,0,40,0,2,0,0
0,0.7511084918897682,65535,35634,488.78824272867257,443,387.8985507246377,26765,66,0,69,0,387.8985507246377,0
65535,0,0,464,190.1010513443369,443,158.08333333333334,0,0,240,0,12,0,16
0,0,503,0,11.313708498984761,443,74,222,66,0,3,0,74,0
0,2.4444444444444446,502,81,0,443,66,198,66,0,3,0,66,0
0,1.30234733798265,65160,35274,71.77515774006413,3001,104.64464692482916,45939,66,0,439,0,104.64464692482916,0
2048,0,0,11,11.313708498984761,443,74,0,0,60,0,3,0,0
0,0,265,0,0,443,66,66,66,0,1,0,66,0
2048,0,0,0,0,443,54,0,0,20,0,1,0,0
2047,0,0,19,12,443,78,0,0,40,0,2,0,0
65535,0,0,4884,245.46735469756916,443,176.33333333333334,0,0,420,0,21,0,0
2048,0,0,11,5.5,4070,71.5,0,0,40,0,2,0,0
0,18.76158940397351,65160,1208,671.8783108366282,443,612.5405405405405,22664,66,0,37,0,612.5405405405405,0
0,2.6255485129205267,29200,2051,592.1588047137355,443,538.5,5385,54,0,10,0,538.5,0
0,0.584375,65535,1920,222.14373725135715,443,224.4,1122,66,0,5,0,224.4,85
2048,0,0,241,30.35107082130711,993,96.25,0,0,80,0,4,0,20
0,2.3271028037383177,269,214,27.7459907013608,993,99.6,498,66,0,5,0,99.6,18
0,211.1944787803873,28960,2427,255.58363340490146,443,1456.1619318181818,512569,66,0,352,0,1456.1619318181818,0
65535,0,0,522,187.48809328585892,443,163.8181818181818,0,0,220,0,11,0,18
0,3.9302325581395348,13878,43,18.5,443,84.5,169,66,0,2,0,84.5,0
1024,0,0,0,18.5,443,84.5,0,0,40,0,2,0,0
65535,0,0,1920,286.8640793128341,443,185,0,0,160,0,8,0,17
0,1.123468426013195,26847,1061,57.96279798640868,443,108.36363636363636,1192,66,0,11,0,108.36363636363636,16
65535,0,0,490,208.57098112313386,443,160.25,0,0,240,0,12,0,18
65535,0,0,3208,334.2324909770015,443,219.77777777777777,0,0,540,0,27,0,0
65535,0,0,2559,492.36551011982505,443,406.73333333333335,0,0,300,0,15,0,0
65535,0,0,1233,171.91690285601152,443,148.1818181818182,0,0,220,0,11,0,17
0,13.610726643598616,65535,578,578.7924056938626,443,524.4666666666667,7867,54,0,15,0,524.4666666666667,17
65535,0,0,31157,204.7692042097642,3001,159.61970726607422,0,0,76520,0,3826,0,0
0,1.5102525430799345,65160,31163,538.5883132699099,443,409.25217391304346,47064,66,0,115,0,409.25217391304346,0
0,7.031358885017422,65160,1435,550.7606104288868,443,504.5,10090,66,0,20,0,504.5,0
0,1.1738179370688204,29200,5943,430.4509709595276,443,279.04,6976,54,0,25,0,279.04,0
0,5.112061206120612,65160,2222,703.7547875648222,443,811.3571428571429,11359,66,0,14,0,811.3571428571429,0
0,10.089410589410589,29200,2002,508.7714118141883,443,429.7659574468085,20199,54,0,47,0,429.7659574468085,0
65535,0,0,1128,168.8370534488326,443,162.22222222222223,0,0,180,0,9,0,0
0,13.58029689608637,65160,741,568.0077123117914,443,591.9411764705883,10063,66,0,17,0,591.9411764705883,17
0,58.921875,65535,128,626.946768075249,443,628.5,7542,66,0,12,0,628.5,35
65535,0,0,6925,156.0674498058096,443,137.53333333333333,0,0,300,0,15,0,0
0,17.342717258261935,65535,817,673.1452913995115,443,787.1666666666666,14169,66,0,18,0,787.1666666666666,19
65535,0,0,2791,77.59075988186162,443,80.23312883435582,0,0,3260,0,163,0,0
0,156,558,1,12,443,78,156,66,0,2,0,78,0
2034,0,0,0,20,5222,86,0,0,40,0,2,0,0
2048,0,0,11539,587.825680286255,443,1019.1020408163265,0,0,980,0,49,0,0
0,4.115921926087387,8192,10093,637.5189115151801,443,704.1016949152543,41542,54,0,59,0,704.1016949152543,0
65535,0,0,744,153.26077092761034,443,138.46153846153845,0,0,260,0,13,0,20
0,0.8913043478260869,7,184,16,443,82,164,66,0,2,0,82,0
0,10.752800333793369,65160,31157,71.92502157126783,3001,104.6953125,335025,66,0,3200,0,104.6953125,0
65535,0,0,31163,457.6698066536531,443,359.7641509433962,0,0,2120,0,106,0,0
65535,0,0,1036,171.25168287899797,443,142.83333333333334,0,0,240,0,12,0,0
0,69.70753424657535,29200,1460,442.1815823459053,443,1339.1184210526317,101773,54,0,76,0,1339.1184210526317,0
65535,0,0,8395,299.78453221447836,443,153.68965517241378,0,0,580,0,29,0,0
65535,0,0,2591,395.89633153824974,443,224.30769230769232,0,0,260,0,13,0,0
65535,0,0,801,167.14365079176653,443,152,0,0,320,0,16,0,16
0,6.87367405978785,8192,1037,606.4332384749971,443,648,7128,54,0,11,0,648,0
2048,0,0,11674,22.149115858953227,443,80.5,0,0,120,0,6,0,0
0,6.388607594936709,65160,790,550.877309389305,443,504.7,5047,66,0,10,0,504.7,0
0,17.64525993883792,64980,327,597.6801820371828,443,577,5770,66,0,10,0,577,17
65535,0,0,1083,256.3105267591395,443,135.7948717948718,0,0,780,0,39,0,0
0,1.5263887685241355,7,11539,509.92637939216263,443,352.26,17613,66,0,50,0,352.26,0
0,1.880119581464873,65535,3345,545.4978724879584,443,419.26666666666665,6289,66,0,15,0,419.26666666666665,0
65535,0,0,1713,298.25364988449263,443,200.8181818181818,0,0,220,0,11,0,0
0,16.305466237942124,29200,311,600.0470557679644,443,563.4444444444445,5071,54,0,9,0,563.4444444444445,16
0,0,278,0,19.5,5222,85.5,171,66,0,2,0,85.5,0
65535,0,0,1434,129.78239147050132,443,118.55555555555556,0,0,1080,0,54,0,0
65535,0,0,2222,228.01924372781366,443,165.28571428571428,0,0,280,0,14,0,0
0,9.193717277486911,65535,764,490.04863023989776,443,351.2,7024,66,0,20,0,351.2,17
65535,0,0,1435,165.73258840290214,443,157.1578947368421,0,0,380,0,19,0,0
65535,0,0,147,160.99281471709392,443,142.92307692307693,0,0,260,0,13,0,18
65535,0,0,4427,193.7794622760627,443,130.6,0,0,500,0,25,0,0
65535,0,0,6996,632.8111506777873,443,895.4411764705883,0,0,680,0,34,0,0
0,3.754247572815534,42340,1648,612.2664534334704,443,618.7,6187,54,0,10,0,618.7,0
0,8.789236605026078,8192,4218,615.7380316286011,443,1001.972972972973,37073,54,0,37,0,1001.972972972973,0
0,2.9948619139370583,8192,7785,663.4175183931591,443,728.59375,23315,54,0,32,0,728.59375,0
2048,0,0,298,25.5,443,91.5,0,0,40,0,2,0,0
2048,0,0,77,17.5,443,83.5,0,0,40,0,2,0,0
0,17.57455268389662,65160,503,631.4807993913987,443,680,8840,66,0,13,0,680,18
0,1.2612612612612613,65535,4884,465.6863298245581,443,362.3529411764706,6160,66,0,17,0,362.3529411764706,0
65535,0,0,523,176.23620513390546,443,159,0,0,200,0,10,0,15
0,15.120950323974082,8192,463,610.2427778629456,443,636.4545454545455,7001,54,0,11,0,636.4545454545455,20
65535,0,0,2975,218.79916907723597,443,165.91666666666666,0,0,240,0,12,0,0
65535,0,0,1895,362.00021041948304,443,224.8125,0,0,320,0,16,0,0
0,5.599165718619644,29200,2637,587.8832703825814,443,509.13793103448273,14765,54,0,29,0,509.13793103448273,0
0,0,265,0,0,443,66,66,66,0,1,0,66,0
0,0,16,0,0,4070,77,77,77,0,1,0,77,0
65535,0,0,1208,665.4794845342248,443,722.15625,0,0,640,0,32,0,0
65535,0,0,309,172.95435778419463,443,169.11111111111111,0,0,180,0,9,0,19
0,29.235252309879176,1448,1407,599.4455900514229,443,1142.611111111111,41134,54,0,36,0,1142.611111111111,0
0,0.04839814973445263,8,11674,19.27777614407908,443,80.71428571428571,565,66,0,7,0,80.71428571428571,0
0,0,267,0,0,443,97,97,97,0,1,0,97,0
65535,0,0,1590,87.82920768299243,443,78.21666666666667,0,0,1200,0,60,0,0
65535,0,0,2021,628.1000721002351,443,697.4677419354839,0,0,1240,0,62,0,0
0,2.21983600156189,1448,2561,504.8877476777408,443,406.07142857142856,5685,54,0,14,0,406.07142857142856,0
0,5.470673425054309,1448,1381,569.3453473661431,443,444.4117647058824,7555,54,0,17,0,444.4117647058824,0
0,16.14644351464435,65160,1434,547.4533111022607,443,392.4406779661017,23154,66,0,59,0,392.4406779661017,0
65535,0,0,10095,345.67648802746186,443,240.875,0,0,960,0,48,0,0
0,2.351820347056822,8192,2939,620.671670300852,443,628.3636363636364,6912,54,0,11,0,628.3636363636364,0
65535,0,0,4073,583.8686197227531,443,477.5263157894737,0,0,380,0,19,0,0
65535,0,0,1083,301.340008993841,443,224.64285714285714,0,0,280,0,14,0,16
65535,0,0,758,132.13440782061198,443,128.7058823529412,0,0,340,0,17,0,19
65535,0,0,3237,424.46799218420335,443,292.5833333333333,0,0,240,0,12,0,0
0,1.59267070920116,29200,3793,542.6335191403813,443,464.6923076923077,6041,54,0,13,0,464.6923076923077,0
0,2.45950864422202,28960,2198,498.48067123193124,443,386.14285714285717,5406,66,0,14,0,386.14285714285717,0
0,3.7697841726618706,265,139,19.91858428704209,443,65.5,524,54,0,8,0,65.5,0
2047,0,0,0,20,5222,86,0,0,40,0,2,0,0
65535,0,0,10723,300.9925966031,443,162.22222222222223,0,0,540,0,27,0,0
65535,0,0,15642,187.84577627749556,443,124.03703703703704,0,0,540,0,27,0,0
65535,0,0,15522,288.4248770862566,443,188.58333333333334,0,0,240,0,12,0,0
4096,0,0,75,33.5,443,87.5,0,0,40,0,2,0,0
0,0,16,0,0,4070,77,77,77,0,1,0,77,0
4096,0,0,55,564.2554275326024,443,552.25,0,0,80,0,4,0,0
65535,0,0,30163,78.25785531710105,443,104.16981132075472,0,0,1060,0,53,0,0
0,0.0715352922533617,564,22087,475.1319816640425,443,316,1580,66,0,5,0,316,70
2048,0,0,546,71.93978963920685,443,135,0,0,120,0,6,0,0
0,1.1189566592016862,65160,15182,453.0844318667328,443,339.76,16988,66,0,50,0,339.76,0
0,0.5965198477433388,26847,1839,61.22099313144144,443,109.7,1097,66,0,10,0,109.7,0
65535,0,0,7820,617.3310066710733,443,600.2954545454545,0,0,880,0,44,0,0
0,2.3720468659965426,8192,15619,589.0853151179839,443,1029.138888888889,37049,54,0,36,0,1029.138888888889,0
65535,0,0,388,12,443,66,0,0,40,0,2,0,0
65535,0,0,20168,205.45687367471504,3001,160.7058823529412,0,0,2380,0,119,0,0
0,3.0675675675675675,398,518,270.3876332642124,443,264.8333333333333,1589,54,0,6,0,264.8333333333333,0
0,0.4664242109364853,8192,15398,603.3798554807743,443,598.5,7182,54,0,12,0,598.5,0
0,0,265,0,0,443,66,66,66,0,1,0,66,0
65535,0,0,30848,161.75946649269093,443,134,0,0,320,0,16,0,0
65535,0,0,20967,310.1652898638674,443,204.68115942028984,0,0,1380,0,69,0,0
2048,0,0,0,24.24871130596428,443,80,0,0,80,0,4,0,0
0,0.07218474027754923,8192,18231,132.8940913139965,443,146.22222222222223,1316,54,0,9,0,146.22222222222223,0
0,15.067605633802817,63443,355,549.146696862101,443,411.46153846153845,5349,54,0,13,0,411.46153846153845,0
65535,0,0,4916,220.42748274189634,443,176.3846153846154,0,0,1040,0,52,0,0
0,0.9672686230248307,65535,1772,385.03734883774587,443,342.8,1714,66,0,5,0,342.8,0
4095,0,0,73,19.44839324982915,443,69.4,0,0,200,0,10,0,0
0,1.1024475988325815,65535,30152,631.6527011619628,443,593.5892857142857,33241,54,0,56,0,593.5892857142857,0
0,1.66800466140101,29200,7723,512.379781021851,443,429.4,12882,54,0,30,0,429.4,0
65535,0,0,1535,322.39468947622134,443,187.44444444444446,0,0,900,0,45,0,0
65535,0,0,307,378.0040564156246,443,233,0,0,300,0,15,0,0
2048,0,0,0,0,443,54,0,0,20,0,1,0,0
0,0,267,0,0,443,97,97,97,0,1,0,97,0
0,32.47287899860918,1448,1438,669.3709093366082,443,864.7407407407408,46696,66,0,54,0,864.7407407407408,0
0,2.227106227106227,273,546,29.10135544762286,443,101.33333333333333,1216,66,0,12,0,101.33333333333333,0
2048,0,0,14414,31.330911401158136,443,78.73529411764706,0,0,2040,0,102,0,0
65535,0,0,5972,165.15744684548957,443,138.69230769230768,0,0,260,0,13,0,0
0,0,133,0,522.4715834909641,443,1193.6666666666667,7162,66,0,6,0,1193.6666666666667,0
2047,0,0,0,0,4070,66,0,0,20,0,1,0,0
2048,0,0,12,17.5,443,83.5,0,0,40,0,2,0,0
0,19.761904761904763,16384,21,119.265343760131,443,138.33333333333334,415,54,0,3,0,138.33333333333334,0
2048,0,0,2871,24.045529730076648,443,87.75,0,0,80,0,4,0,0
1024,0,0,0,18.5,443,84.5,0,0,40,0,2,0,0
2027,0,0,22098,98.83804935347521,443,121.2,0,0,100,0,5,0,78
0,2.3014235215439,8192,20934,625.4103884295141,443,642.3733333333333,48178,54,0,75,0,642.3733333333333,0
65535,0,0,91,184.35240709033337,443,161.7,0,0,200,0,10,0,0
0,0,245,0,0,443,556,556,556,0,1,0,556,0
0,3.090520748576078,65535,4916,486.0797452044891,443,399.8157894736842,15193,66,0,38,0,399.8157894736842,0
2048,0,0,0,0,443,54,0,0,20,0,1,0,0
0,0.29376296680497926,65160,30848,616.4163441822418,443,566.375,9062,66,0,16,0,566.375,0
0,31.303797468354432,1448,237,588.0377312157217,443,494.6,7419,54,0,15,0,494.6,0
0,0.11947056774642982,8,2871,22.252808811473667,443,85.75,343,66,0,4,0,85.75,552
65535,0,0,15182,262.06833078416776,443,215.7,0,0,1000,0,50,0,0
65535,0,0,8942,547.8856755468131,443,499.1714285714286,0,0,700,0,35,0,0
0,1.217310924369748,42340,5950,572.3974152810337,443,517.3571428571429,7243,54,0,14,0,517.3571428571429,0
0,12.301533101045296,31,14350,451.3897525299128,443,1327.2706766917292,176527,54,0,133,0,1327.2706766917292,0
0,1.7157449292280753,8192,13706,672.8895800491899,443,671.8857142857142,23516,54,0,35,0,671.8857142857142,0
4096,0,0,75,383.5,443,437.5,0,0,40,0,2,0,0
0,0,1448,0,0,443,74,74,74,0,1,0,74,0
0,0,284,0,0,443,787,787,787,0,1,0,787,0
0,1.0749576031656303,29200,8845,495.0735463812732,443,339.57142857142856,9508,54,0,28,0,339.57142857142856,0
0,0,278,0,19.5,5222,85.5,171,66,0,2,0,85.5,0
0,0.4487534626038781,8192,15523,615.0859696009982,443,580.5,6966,54,0,12,0,580.5,0
65535,0,0,18352,287.30967613361025,443,249.5,0,0,200,0,10,0,0
0,2.2533333333333334,13878,75,18.5,443,84.5,169,66,0,2,0,84.5,0
65535,0,0,2036,241.003179531679,443,212.07692307692307,0,0,260,0,13,0,0
0,0,136,0,0,443,66,66,66,0,1,0,66,0
2048,0,0,186,25.5,443,91.5,0,0,40,0,2,0,0
0,0.520755839904776,65160,20163,72.07773581349514,3001,105,10500,66,0,100,0,105,0
65535,0,0,15692,218.79916907723597,443,165.91666666666666,0,0,240,0,12,0,0
4096,0,0,604,618.2200455269611,443,732.4444444444445,0,0,180,0,9,0,0
65535,0,0,1772,322.5803921117959,443,199.875,0,0,160,0,8,0,0
0,0.8817204301075269,7,186,16,443,82,164,66,0,2,0,82,0
